{
"type": "FeatureCollection",
"name": "inverterJson",
"features": [
{ "type": "Feature", "properties": { "Layer": "A-GENM", "PaperSpace": null, "SubClasses": "AcDbEntity:AcDbLine", "Linetype": null, "EntityHandle": "BB", "Text": null }, "geometry": { "type": "LineString", "coordinates": [ [ 2417466.105942257214338, 302403.221201049978845, 0.0 ], [ 2417466.105942257214338, 302403.946158398990519, 0.0 ] ] } },
{ "type": "Feature", "properties": { "Layer": "A-GENM", "PaperSpace": null, "SubClasses": "AcDbEntity:AcDbLine", "Linetype": null, "EntityHandle": "BE", "Text": null }, "geometry": { "type": "LineString", "coordinates": [ [ 2417466.105942257214338, 302403.112825065793004, 0.0 ], [ 2417466.105942257214338, 302403.221201049978845, 0.0 ] ] } },
{ "type": "Feature", "properties": { "Layer": "A-GENM", "PaperSpace": null, "SubClasses": "AcDbEntity:AcDbLine", "Linetype": null, "EntityHandle": "BF", "Text": null }, "geometry": { "type": "LineString", "coordinates": [ [ 2417466.105942257214338, 302403.946158398990519, 0.0 ], [ 2417465.272608924191445, 302403.946158398990519, 0.0 ] ] } },
{ "type": "Feature", "properties": { "Layer": "A-GENM", "PaperSpace": null, "SubClasses": "AcDbEntity:AcDbLine", "Linetype": null, "EntityHandle": "C0", "Text": null }, "geometry": { "type": "LineString", "coordinates": [ [ 2417465.272608924191445, 302403.946158398990519, 0.0 ], [ 2417465.272608924191445, 302403.221201049978845, 0.0 ] ] } },
{ "type": "Feature", "properties": { "Layer": "A-GENM", "PaperSpace": null, "SubClasses": "AcDbEntity:AcDbLine", "Linetype": null, "EntityHandle": "C1", "Text": null }, "geometry": { "type": "LineString", "coordinates": [ [ 2417465.272608924191445, 302403.221201049978845, 0.0 ], [ 2417465.272608924191445, 302403.112825065793004, 0.0 ] ] } },
{ "type": "Feature", "properties": { "Layer": "A-GENM", "PaperSpace": null, "SubClasses": "AcDbEntity:AcDbLine", "Linetype": null, "EntityHandle": "C2", "Text": null }, "geometry": { "type": "LineString", "coordinates": [ [ 2417465.272608924191445, 302403.112825065793004, 0.0 ], [ 2417466.105942257214338, 302403.112825065793004, 0.0 ] ] } },
{ "type": "Feature", "properties": { "Layer": "A-GENM", "PaperSpace": null, "SubClasses": "AcDbEntity:AcDbLine", "Linetype": null, "EntityHandle": "C3", "Text": null }, "geometry": { "type": "LineString", "coordinates": [ [ 2417466.105942257214338, 302403.112825065793004, 0.0 ], [ 2417465.272608924191445, 302403.112825065793004, 0.0 ] ] } },
{ "type": "Feature", "properties": { "Layer": "A-GENM", "PaperSpace": null, "SubClasses": "AcDbEntity:AcDbLine", "Linetype": null, "EntityHandle": "C4", "Text": null }, "geometry": { "type": "LineString", "coordinates": [ [ 2417465.272608924191445, 302403.221201049978845, 0.0 ], [ 2417465.272608924191445, 302403.946158398990519, 0.0 ] ] } },
{ "type": "Feature", "properties": { "Layer": "A-GENM", "PaperSpace": null, "SubClasses": "AcDbEntity:AcDbLine", "Linetype": null, "EntityHandle": "C5", "Text": null }, "geometry": { "type": "LineString", "coordinates": [ [ 2417465.272608924191445, 302403.112825065793004, 0.0 ], [ 2417465.272608924191445, 302403.221201049978845, 0.0 ] ] } },
{ "type": "Feature", "properties": { "Layer": "A-GENM", "PaperSpace": null, "SubClasses": "AcDbEntity:AcDbLine", "Linetype": null, "EntityHandle": "C6", "Text": null }, "geometry": { "type": "LineString", "coordinates": [ [ 2417465.272608924191445, 302403.946158398990519, 0.0 ], [ 2417466.105942257214338, 302403.946158398990519, 0.0 ] ] } },
{ "type": "Feature", "properties": { "Layer": "A-GENM", "PaperSpace": null, "SubClasses": "AcDbEntity:AcDbLine", "Linetype": null, "EntityHandle": "C7", "Text": null }, "geometry": { "type": "LineString", "coordinates": [ [ 2417466.105942257214338, 302403.946158398990519, 0.0 ], [ 2417466.105942257214338, 302403.221201049978845, 0.0 ] ] } },
{ "type": "Feature", "properties": { "Layer": "A-GENM", "PaperSpace": null, "SubClasses": "AcDbEntity:AcDbLine", "Linetype": null, "EntityHandle": "C8", "Text": null }, "geometry": { "type": "LineString", "coordinates": [ [ 2417466.105942257214338, 302403.221201049978845, 0.0 ], [ 2417466.105942257214338, 302403.112825065793004, 0.0 ] ] } },
{ "type": "Feature", "properties": { "Layer": "S-COLS-SYMB", "PaperSpace": null, "SubClasses": "AcDbEntity:AcDbLine", "Linetype": null, "EntityHandle": "C9", "Text": null }, "geometry": { "type": "LineString", "coordinates": [ [ 2417465.940020340960473, 302403.787933333485853, 0.0 ], [ 2417465.438353674951941, 302403.787933333485853, 0.0 ] ] } },
{ "type": "Feature", "properties": { "Layer": "S-COLS-SYMB", "PaperSpace": null, "SubClasses": "AcDbEntity:AcDbLine", "Linetype": null, "EntityHandle": "CB", "Text": null }, "geometry": { "type": "LineString", "coordinates": [ [ 2417465.940020340960473, 302403.271266666706651, 0.0 ], [ 2417465.438353674951941, 302403.271266666706651, 0.0 ] ] } },
{ "type": "Feature", "properties": { "Layer": "S-COLS-SYMB", "PaperSpace": null, "SubClasses": "AcDbEntity:AcDbLine", "Linetype": null, "EntityHandle": "CC", "Text": null }, "geometry": { "type": "LineString", "coordinates": [ [ 2417465.689187007956207, 302403.787933333485853, 0.0 ], [ 2417465.689187007956207, 302403.271266666706651, 0.0 ] ] } },
{ "type": "Feature", "properties": { "Layer": "A-GENM", "PaperSpace": null, "SubClasses": "AcDbEntity:AcDbLine", "Linetype": null, "EntityHandle": "CD", "Text": null }, "geometry": { "type": "LineString", "coordinates": [ [ 2417466.106004593893886, 302410.494714829488657, 0.0 ], [ 2417466.106004593893886, 302411.219888714083936, 0.0 ] ] } },
{ "type": "Feature", "properties": { "Layer": "A-GENM", "PaperSpace": null, "SubClasses": "AcDbEntity:AcDbLine", "Linetype": null, "EntityHandle": "CE", "Text": null }, "geometry": { "type": "LineString", "coordinates": [ [ 2417466.106004593893886, 302411.219888714083936, 0.0 ], [ 2417466.106004593893886, 302411.328048162686173, 0.0 ] ] } },
{ "type": "Feature", "properties": { "Layer": "A-GENM", "PaperSpace": null, "SubClasses": "AcDbEntity:AcDbLine", "Linetype": null, "EntityHandle": "CF", "Text": null }, "geometry": { "type": "LineString", "coordinates": [ [ 2417466.106004593893886, 302411.328048162686173, 0.0 ], [ 2417465.272671259939671, 302411.328048162686173, 0.0 ] ] } },
{ "type": "Feature", "properties": { "Layer": "A-GENM", "PaperSpace": null, "SubClasses": "AcDbEntity:AcDbLine", "Linetype": null, "EntityHandle": "D0", "Text": null }, "geometry": { "type": "LineString", "coordinates": [ [ 2417465.272671259939671, 302411.219888714083936, 0.0 ], [ 2417465.272671259939671, 302410.494714829488657, 0.0 ] ] } },
{ "type": "Feature", "properties": { "Layer": "A-GENM", "PaperSpace": null, "SubClasses": "AcDbEntity:AcDbLine", "Linetype": null, "EntityHandle": "D1", "Text": null }, "geometry": { "type": "LineString", "coordinates": [ [ 2417465.272671259939671, 302411.328048162686173, 0.0 ], [ 2417465.272671259939671, 302411.219888714083936, 0.0 ] ] } },
{ "type": "Feature", "properties": { "Layer": "A-GENM", "PaperSpace": null, "SubClasses": "AcDbEntity:AcDbLine", "Linetype": null, "EntityHandle": "D2", "Text": null }, "geometry": { "type": "LineString", "coordinates": [ [ 2417465.272671259939671, 302410.494714829488657, 0.0 ], [ 2417466.106004593893886, 302410.494714829488657, 0.0 ] ] } },
{ "type": "Feature", "properties": { "Layer": "A-GENM", "PaperSpace": null, "SubClasses": "AcDbEntity:AcDbLine", "Linetype": null, "EntityHandle": "D3", "Text": null }, "geometry": { "type": "LineString", "coordinates": [ [ 2417466.106004593893886, 302410.494714829488657, 0.0 ], [ 2417465.272671259939671, 302410.494714829488657, 0.0 ] ] } },
{ "type": "Feature", "properties": { "Layer": "A-GENM", "PaperSpace": null, "SubClasses": "AcDbEntity:AcDbLine", "Linetype": null, "EntityHandle": "D4", "Text": null }, "geometry": { "type": "LineString", "coordinates": [ [ 2417465.272671259939671, 302410.494714829488657, 0.0 ], [ 2417465.272671259939671, 302411.219888714083936, 0.0 ] ] } },
{ "type": "Feature", "properties": { "Layer": "A-GENM", "PaperSpace": null, "SubClasses": "AcDbEntity:AcDbLine", "Linetype": null, "EntityHandle": "D5", "Text": null }, "geometry": { "type": "LineString", "coordinates": [ [ 2417465.272671259939671, 302411.219888714083936, 0.0 ], [ 2417465.272671259939671, 302411.328048162686173, 0.0 ] ] } },
{ "type": "Feature", "properties": { "Layer": "A-GENM", "PaperSpace": null, "SubClasses": "AcDbEntity:AcDbLine", "Linetype": null, "EntityHandle": "D6", "Text": null }, "geometry": { "type": "LineString", "coordinates": [ [ 2417465.272671259939671, 302411.328048162686173, 0.0 ], [ 2417466.106004593893886, 302411.328048162686173, 0.0 ] ] } },
{ "type": "Feature", "properties": { "Layer": "A-GENM", "PaperSpace": null, "SubClasses": "AcDbEntity:AcDbLine", "Linetype": null, "EntityHandle": "D7", "Text": null }, "geometry": { "type": "LineString", "coordinates": [ [ 2417466.106004593893886, 302411.219888714083936, 0.0 ], [ 2417466.106004593893886, 302410.494714829488657, 0.0 ] ] } },
{ "type": "Feature", "properties": { "Layer": "A-GENM", "PaperSpace": null, "SubClasses": "AcDbEntity:AcDbLine", "Linetype": null, "EntityHandle": "D8", "Text": null }, "geometry": { "type": "LineString", "coordinates": [ [ 2417466.106004593893886, 302411.328048162686173, 0.0 ], [ 2417466.106004593893886, 302411.219888714083936, 0.0 ] ] } },
{ "type": "Feature", "properties": { "Layer": "S-COLS-SYMB", "PaperSpace": null, "SubClasses": "AcDbEntity:AcDbLine", "Linetype": null, "EntityHandle": "D9", "Text": null }, "geometry": { "type": "LineString", "coordinates": [ [ 2417465.94008267717436, 302411.169823097181506, 0.0 ], [ 2417465.438416011165828, 302411.169823097181506, 0.0 ] ] } },
{ "type": "Feature", "properties": { "Layer": "S-COLS-SYMB", "PaperSpace": null, "SubClasses": "AcDbEntity:AcDbLine", "Linetype": null, "EntityHandle": "DA", "Text": null }, "geometry": { "type": "LineString", "coordinates": [ [ 2417465.94008267717436, 302410.65315643051872, 0.0 ], [ 2417465.438416011165828, 302410.65315643051872, 0.0 ] ] } },
{ "type": "Feature", "properties": { "Layer": "S-COLS-SYMB", "PaperSpace": null, "SubClasses": "AcDbEntity:AcDbLine", "Linetype": null, "EntityHandle": "DB", "Text": null }, "geometry": { "type": "LineString", "coordinates": [ [ 2417465.689249344170094, 302411.169823097181506, 0.0 ], [ 2417465.689249344170094, 302410.65315643051872, 0.0 ] ] } },
{ "type": "Feature", "properties": { "Layer": "A-GENM", "PaperSpace": null, "SubClasses": "AcDbEntity:AcDbLine", "Linetype": null, "EntityHandle": "DC", "Text": null }, "geometry": { "type": "LineString", "coordinates": [ [ 2417470.35462992079556, 302403.221201049978845, 0.0 ], [ 2417470.35462992079556, 302403.946158398990519, 0.0 ] ] } },
{ "type": "Feature", "properties": { "Layer": "A-GENM", "PaperSpace": null, "SubClasses": "AcDbEntity:AcDbLine", "Linetype": null, "EntityHandle": "DD", "Text": null }, "geometry": { "type": "LineString", "coordinates": [ [ 2417470.35462992079556, 302403.112825065793004, 0.0 ], [ 2417470.35462992079556, 302403.221201049978845, 0.0 ] ] } },
{ "type": "Feature", "properties": { "Layer": "A-GENM", "PaperSpace": null, "SubClasses": "AcDbEntity:AcDbLine", "Linetype": null, "EntityHandle": "DE", "Text": null }, "geometry": { "type": "LineString", "coordinates": [ [ 2417470.35462992079556, 302403.946158398990519, 0.0 ], [ 2417469.521296587772667, 302403.946158398990519, 0.0 ] ] } },
{ "type": "Feature", "properties": { "Layer": "A-GENM", "PaperSpace": null, "SubClasses": "AcDbEntity:AcDbLine", "Linetype": null, "EntityHandle": "DF", "Text": null }, "geometry": { "type": "LineString", "coordinates": [ [ 2417469.521296587772667, 302403.946158398990519, 0.0 ], [ 2417469.521296587772667, 302403.221201049978845, 0.0 ] ] } },
{ "type": "Feature", "properties": { "Layer": "A-GENM", "PaperSpace": null, "SubClasses": "AcDbEntity:AcDbLine", "Linetype": null, "EntityHandle": "E0", "Text": null }, "geometry": { "type": "LineString", "coordinates": [ [ 2417469.521296587772667, 302403.221201049978845, 0.0 ], [ 2417469.521296587772667, 302403.112825065793004, 0.0 ] ] } },
{ "type": "Feature", "properties": { "Layer": "A-GENM", "PaperSpace": null, "SubClasses": "AcDbEntity:AcDbLine", "Linetype": null, "EntityHandle": "E1", "Text": null }, "geometry": { "type": "LineString", "coordinates": [ [ 2417469.521296587772667, 302403.112825065793004, 0.0 ], [ 2417470.35462992079556, 302403.112825065793004, 0.0 ] ] } },
{ "type": "Feature", "properties": { "Layer": "A-GENM", "PaperSpace": null, "SubClasses": "AcDbEntity:AcDbLine", "Linetype": null, "EntityHandle": "E2", "Text": null }, "geometry": { "type": "LineString", "coordinates": [ [ 2417470.35462992079556, 302403.112825065793004, 0.0 ], [ 2417469.521296587772667, 302403.112825065793004, 0.0 ] ] } },
{ "type": "Feature", "properties": { "Layer": "A-GENM", "PaperSpace": null, "SubClasses": "AcDbEntity:AcDbLine", "Linetype": null, "EntityHandle": "E3", "Text": null }, "geometry": { "type": "LineString", "coordinates": [ [ 2417469.521296587772667, 302403.221201049978845, 0.0 ], [ 2417469.521296587772667, 302403.946158398990519, 0.0 ] ] } },
{ "type": "Feature", "properties": { "Layer": "A-GENM", "PaperSpace": null, "SubClasses": "AcDbEntity:AcDbLine", "Linetype": null, "EntityHandle": "E4", "Text": null }, "geometry": { "type": "LineString", "coordinates": [ [ 2417469.521296587772667, 302403.112825065793004, 0.0 ], [ 2417469.521296587772667, 302403.221201049978845, 0.0 ] ] } },
{ "type": "Feature", "properties": { "Layer": "A-GENM", "PaperSpace": null, "SubClasses": "AcDbEntity:AcDbLine", "Linetype": null, "EntityHandle": "E5", "Text": null }, "geometry": { "type": "LineString", "coordinates": [ [ 2417469.521296587772667, 302403.946158398990519, 0.0 ], [ 2417470.35462992079556, 302403.946158398990519, 0.0 ] ] } },
{ "type": "Feature", "properties": { "Layer": "A-GENM", "PaperSpace": null, "SubClasses": "AcDbEntity:AcDbLine", "Linetype": null, "EntityHandle": "E6", "Text": null }, "geometry": { "type": "LineString", "coordinates": [ [ 2417470.35462992079556, 302403.946158398990519, 0.0 ], [ 2417470.35462992079556, 302403.221201049978845, 0.0 ] ] } },
{ "type": "Feature", "properties": { "Layer": "A-GENM", "PaperSpace": null, "SubClasses": "AcDbEntity:AcDbLine", "Linetype": null, "EntityHandle": "E7", "Text": null }, "geometry": { "type": "LineString", "coordinates": [ [ 2417470.35462992079556, 302403.221201049978845, 0.0 ], [ 2417470.35462992079556, 302403.112825065793004, 0.0 ] ] } },
{ "type": "Feature", "properties": { "Layer": "S-COLS-SYMB", "PaperSpace": null, "SubClasses": "AcDbEntity:AcDbLine", "Linetype": null, "EntityHandle": "E8", "Text": null }, "geometry": { "type": "LineString", "coordinates": [ [ 2417470.188708005007356, 302403.787933333485853, 0.0 ], [ 2417469.687041338998824, 302403.787933333485853, 0.0 ] ] } },
{ "type": "Feature", "properties": { "Layer": "S-COLS-SYMB", "PaperSpace": null, "SubClasses": "AcDbEntity:AcDbLine", "Linetype": null, "EntityHandle": "E9", "Text": null }, "geometry": { "type": "LineString", "coordinates": [ [ 2417470.188708005007356, 302403.271266666706651, 0.0 ], [ 2417469.687041338998824, 302403.271266666706651, 0.0 ] ] } },
{ "type": "Feature", "properties": { "Layer": "S-COLS-SYMB", "PaperSpace": null, "SubClasses": "AcDbEntity:AcDbLine", "Linetype": null, "EntityHandle": "EA", "Text": null }, "geometry": { "type": "LineString", "coordinates": [ [ 2417469.93787467200309, 302403.787933333485853, 0.0 ], [ 2417469.93787467200309, 302403.271266666706651, 0.0 ] ] } },
{ "type": "Feature", "properties": { "Layer": "A-GENM", "PaperSpace": null, "SubClasses": "AcDbEntity:AcDbLine", "Linetype": null, "EntityHandle": "EB", "Text": null }, "geometry": { "type": "LineString", "coordinates": [ [ 2417470.354692257940769, 302410.494714829488657, 0.0 ], [ 2417470.354692257940769, 302411.219888714083936, 0.0 ] ] } },
{ "type": "Feature", "properties": { "Layer": "A-GENM", "PaperSpace": null, "SubClasses": "AcDbEntity:AcDbLine", "Linetype": null, "EntityHandle": "EC", "Text": null }, "geometry": { "type": "LineString", "coordinates": [ [ 2417470.354692257940769, 302411.219888714083936, 0.0 ], [ 2417470.354692257940769, 302411.328048162686173, 0.0 ] ] } },
{ "type": "Feature", "properties": { "Layer": "A-GENM", "PaperSpace": null, "SubClasses": "AcDbEntity:AcDbLine", "Linetype": null, "EntityHandle": "ED", "Text": null }, "geometry": { "type": "LineString", "coordinates": [ [ 2417470.354692257940769, 302411.328048162686173, 0.0 ], [ 2417469.521358923986554, 302411.328048162686173, 0.0 ] ] } },
{ "type": "Feature", "properties": { "Layer": "A-GENM", "PaperSpace": null, "SubClasses": "AcDbEntity:AcDbLine", "Linetype": null, "EntityHandle": "EE", "Text": null }, "geometry": { "type": "LineString", "coordinates": [ [ 2417469.521358923986554, 302411.219888714083936, 0.0 ], [ 2417469.521358923986554, 302410.494714829488657, 0.0 ] ] } },
{ "type": "Feature", "properties": { "Layer": "A-GENM", "PaperSpace": null, "SubClasses": "AcDbEntity:AcDbLine", "Linetype": null, "EntityHandle": "EF", "Text": null }, "geometry": { "type": "LineString", "coordinates": [ [ 2417469.521358923986554, 302411.328048162686173, 0.0 ], [ 2417469.521358923986554, 302411.219888714083936, 0.0 ] ] } },
{ "type": "Feature", "properties": { "Layer": "A-GENM", "PaperSpace": null, "SubClasses": "AcDbEntity:AcDbLine", "Linetype": null, "EntityHandle": "F0", "Text": null }, "geometry": { "type": "LineString", "coordinates": [ [ 2417469.521358923986554, 302410.494714829488657, 0.0 ], [ 2417470.354692257940769, 302410.494714829488657, 0.0 ] ] } },
{ "type": "Feature", "properties": { "Layer": "A-GENM", "PaperSpace": null, "SubClasses": "AcDbEntity:AcDbLine", "Linetype": null, "EntityHandle": "F1", "Text": null }, "geometry": { "type": "LineString", "coordinates": [ [ 2417470.354692257940769, 302410.494714829488657, 0.0 ], [ 2417469.521358923986554, 302410.494714829488657, 0.0 ] ] } },
{ "type": "Feature", "properties": { "Layer": "A-GENM", "PaperSpace": null, "SubClasses": "AcDbEntity:AcDbLine", "Linetype": null, "EntityHandle": "F2", "Text": null }, "geometry": { "type": "LineString", "coordinates": [ [ 2417469.521358923986554, 302410.494714829488657, 0.0 ], [ 2417469.521358923986554, 302411.219888714083936, 0.0 ] ] } },
{ "type": "Feature", "properties": { "Layer": "A-GENM", "PaperSpace": null, "SubClasses": "AcDbEntity:AcDbLine", "Linetype": null, "EntityHandle": "F3", "Text": null }, "geometry": { "type": "LineString", "coordinates": [ [ 2417469.521358923986554, 302411.219888714083936, 0.0 ], [ 2417469.521358923986554, 302411.328048162686173, 0.0 ] ] } },
{ "type": "Feature", "properties": { "Layer": "A-GENM", "PaperSpace": null, "SubClasses": "AcDbEntity:AcDbLine", "Linetype": null, "EntityHandle": "F4", "Text": null }, "geometry": { "type": "LineString", "coordinates": [ [ 2417469.521358923986554, 302411.328048162686173, 0.0 ], [ 2417470.354692257940769, 302411.328048162686173, 0.0 ] ] } },
{ "type": "Feature", "properties": { "Layer": "A-GENM", "PaperSpace": null, "SubClasses": "AcDbEntity:AcDbLine", "Linetype": null, "EntityHandle": "F5", "Text": null }, "geometry": { "type": "LineString", "coordinates": [ [ 2417470.354692257940769, 302411.219888714083936, 0.0 ], [ 2417470.354692257940769, 302410.494714829488657, 0.0 ] ] } },
{ "type": "Feature", "properties": { "Layer": "A-GENM", "PaperSpace": null, "SubClasses": "AcDbEntity:AcDbLine", "Linetype": null, "EntityHandle": "F6", "Text": null }, "geometry": { "type": "LineString", "coordinates": [ [ 2417470.354692257940769, 302411.328048162686173, 0.0 ], [ 2417470.354692257940769, 302411.219888714083936, 0.0 ] ] } },
{ "type": "Feature", "properties": { "Layer": "S-COLS-SYMB", "PaperSpace": null, "SubClasses": "AcDbEntity:AcDbLine", "Linetype": null, "EntityHandle": "F7", "Text": null }, "geometry": { "type": "LineString", "coordinates": [ [ 2417470.188770341221243, 302411.169823097181506, 0.0 ], [ 2417469.687103673815727, 302411.169823097181506, 0.0 ] ] } },
{ "type": "Feature", "properties": { "Layer": "S-COLS-SYMB", "PaperSpace": null, "SubClasses": "AcDbEntity:AcDbLine", "Linetype": null, "EntityHandle": "F8", "Text": null }, "geometry": { "type": "LineString", "coordinates": [ [ 2417470.188770341221243, 302410.65315643051872, 0.0 ], [ 2417469.687103673815727, 302410.65315643051872, 0.0 ] ] } },
{ "type": "Feature", "properties": { "Layer": "S-COLS-SYMB", "PaperSpace": null, "SubClasses": "AcDbEntity:AcDbLine", "Linetype": null, "EntityHandle": "F9", "Text": null }, "geometry": { "type": "LineString", "coordinates": [ [ 2417469.937937008216977, 302411.169823097181506, 0.0 ], [ 2417469.937937008216977, 302410.65315643051872, 0.0 ] ] } },
{ "type": "Feature", "properties": { "Layer": "A-GENM", "PaperSpace": null, "SubClasses": "AcDbEntity:AcDbLine", "Linetype": null, "EntityHandle": "FA", "Text": null }, "geometry": { "type": "LineString", "coordinates": [ [ 2417474.603317585773766, 302403.221201049978845, 0.0 ], [ 2417474.603317585773766, 302403.946158398990519, 0.0 ] ] } },
{ "type": "Feature", "properties": { "Layer": "A-GENM", "PaperSpace": null, "SubClasses": "AcDbEntity:AcDbLine", "Linetype": null, "EntityHandle": "FB", "Text": null }, "geometry": { "type": "LineString", "coordinates": [ [ 2417474.603317585773766, 302403.112825065793004, 0.0 ], [ 2417474.603317585773766, 302403.221201049978845, 0.0 ] ] } },
{ "type": "Feature", "properties": { "Layer": "A-GENM", "PaperSpace": null, "SubClasses": "AcDbEntity:AcDbLine", "Linetype": null, "EntityHandle": "FC", "Text": null }, "geometry": { "type": "LineString", "coordinates": [ [ 2417474.603317585773766, 302403.946158398990519, 0.0 ], [ 2417473.769984253216535, 302403.946158398990519, 0.0 ] ] } },
{ "type": "Feature", "properties": { "Layer": "A-GENM", "PaperSpace": null, "SubClasses": "AcDbEntity:AcDbLine", "Linetype": null, "EntityHandle": "FD", "Text": null }, "geometry": { "type": "LineString", "coordinates": [ [ 2417473.769984253216535, 302403.946158398990519, 0.0 ], [ 2417473.769984253216535, 302403.221201049978845, 0.0 ] ] } },
{ "type": "Feature", "properties": { "Layer": "A-GENM", "PaperSpace": null, "SubClasses": "AcDbEntity:AcDbLine", "Linetype": null, "EntityHandle": "FE", "Text": null }, "geometry": { "type": "LineString", "coordinates": [ [ 2417473.769984253216535, 302403.221201049978845, 0.0 ], [ 2417473.769984253216535, 302403.112825065793004, 0.0 ] ] } },
{ "type": "Feature", "properties": { "Layer": "A-GENM", "PaperSpace": null, "SubClasses": "AcDbEntity:AcDbLine", "Linetype": null, "EntityHandle": "FF", "Text": null }, "geometry": { "type": "LineString", "coordinates": [ [ 2417473.769984253216535, 302403.112825065793004, 0.0 ], [ 2417474.603317585773766, 302403.112825065793004, 0.0 ] ] } },
{ "type": "Feature", "properties": { "Layer": "A-GENM", "PaperSpace": null, "SubClasses": "AcDbEntity:AcDbLine", "Linetype": null, "EntityHandle": "100", "Text": null }, "geometry": { "type": "LineString", "coordinates": [ [ 2417474.603317585773766, 302403.112825065793004, 0.0 ], [ 2417473.769984253216535, 302403.112825065793004, 0.0 ] ] } },
{ "type": "Feature", "properties": { "Layer": "A-GENM", "PaperSpace": null, "SubClasses": "AcDbEntity:AcDbLine", "Linetype": null, "EntityHandle": "101", "Text": null }, "geometry": { "type": "LineString", "coordinates": [ [ 2417473.769984253216535, 302403.221201049978845, 0.0 ], [ 2417473.769984253216535, 302403.946158398990519, 0.0 ] ] } },
{ "type": "Feature", "properties": { "Layer": "A-GENM", "PaperSpace": null, "SubClasses": "AcDbEntity:AcDbLine", "Linetype": null, "EntityHandle": "102", "Text": null }, "geometry": { "type": "LineString", "coordinates": [ [ 2417473.769984253216535, 302403.112825065793004, 0.0 ], [ 2417473.769984253216535, 302403.221201049978845, 0.0 ] ] } },
{ "type": "Feature", "properties": { "Layer": "A-GENM", "PaperSpace": null, "SubClasses": "AcDbEntity:AcDbLine", "Linetype": null, "EntityHandle": "103", "Text": null }, "geometry": { "type": "LineString", "coordinates": [ [ 2417473.769984253216535, 302403.946158398990519, 0.0 ], [ 2417474.603317585773766, 302403.946158398990519, 0.0 ] ] } },
{ "type": "Feature", "properties": { "Layer": "A-GENM", "PaperSpace": null, "SubClasses": "AcDbEntity:AcDbLine", "Linetype": null, "EntityHandle": "104", "Text": null }, "geometry": { "type": "LineString", "coordinates": [ [ 2417474.603317585773766, 302403.946158398990519, 0.0 ], [ 2417474.603317585773766, 302403.221201049978845, 0.0 ] ] } },
{ "type": "Feature", "properties": { "Layer": "A-GENM", "PaperSpace": null, "SubClasses": "AcDbEntity:AcDbLine", "Linetype": null, "EntityHandle": "105", "Text": null }, "geometry": { "type": "LineString", "coordinates": [ [ 2417474.603317585773766, 302403.221201049978845, 0.0 ], [ 2417474.603317585773766, 302403.112825065793004, 0.0 ] ] } },
{ "type": "Feature", "properties": { "Layer": "S-COLS-SYMB", "PaperSpace": null, "SubClasses": "AcDbEntity:AcDbLine", "Linetype": null, "EntityHandle": "106", "Text": null }, "geometry": { "type": "LineString", "coordinates": [ [ 2417474.43739566905424, 302403.787933333485853, 0.0 ], [ 2417473.935729003045708, 302403.787933333485853, 0.0 ] ] } },
{ "type": "Feature", "properties": { "Layer": "S-COLS-SYMB", "PaperSpace": null, "SubClasses": "AcDbEntity:AcDbLine", "Linetype": null, "EntityHandle": "107", "Text": null }, "geometry": { "type": "LineString", "coordinates": [ [ 2417474.43739566905424, 302403.271266666706651, 0.0 ], [ 2417473.935729003045708, 302403.271266666706651, 0.0 ] ] } },
{ "type": "Feature", "properties": { "Layer": "S-COLS-SYMB", "PaperSpace": null, "SubClasses": "AcDbEntity:AcDbLine", "Linetype": null, "EntityHandle": "108", "Text": null }, "geometry": { "type": "LineString", "coordinates": [ [ 2417474.186562336049974, 302403.787933333485853, 0.0 ], [ 2417474.186562336049974, 302403.271266666706651, 0.0 ] ] } },
{ "type": "Feature", "properties": { "Layer": "A-GENM", "PaperSpace": null, "SubClasses": "AcDbEntity:AcDbLine", "Linetype": null, "EntityHandle": "109", "Text": null }, "geometry": { "type": "LineString", "coordinates": [ [ 2417474.60337992105633, 302410.494714829488657, 0.0 ], [ 2417474.60337992105633, 302411.219888714083936, 0.0 ] ] } },
{ "type": "Feature", "properties": { "Layer": "A-GENM", "PaperSpace": null, "SubClasses": "AcDbEntity:AcDbLine", "Linetype": null, "EntityHandle": "10A", "Text": null }, "geometry": { "type": "LineString", "coordinates": [ [ 2417474.60337992105633, 302411.219888714083936, 0.0 ], [ 2417474.60337992105633, 302411.328048162686173, 0.0 ] ] } },
{ "type": "Feature", "properties": { "Layer": "A-GENM", "PaperSpace": null, "SubClasses": "AcDbEntity:AcDbLine", "Linetype": null, "EntityHandle": "10B", "Text": null }, "geometry": { "type": "LineString", "coordinates": [ [ 2417474.60337992105633, 302411.328048162686173, 0.0 ], [ 2417473.770046588033438, 302411.328048162686173, 0.0 ] ] } },
{ "type": "Feature", "properties": { "Layer": "A-GENM", "PaperSpace": null, "SubClasses": "AcDbEntity:AcDbLine", "Linetype": null, "EntityHandle": "10C", "Text": null }, "geometry": { "type": "LineString", "coordinates": [ [ 2417473.770046588033438, 302411.219888714083936, 0.0 ], [ 2417473.770046588033438, 302410.494714829488657, 0.0 ] ] } },
{ "type": "Feature", "properties": { "Layer": "A-GENM", "PaperSpace": null, "SubClasses": "AcDbEntity:AcDbLine", "Linetype": null, "EntityHandle": "10D", "Text": null }, "geometry": { "type": "LineString", "coordinates": [ [ 2417473.770046588033438, 302411.328048162686173, 0.0 ], [ 2417473.770046588033438, 302411.219888714083936, 0.0 ] ] } },
{ "type": "Feature", "properties": { "Layer": "A-GENM", "PaperSpace": null, "SubClasses": "AcDbEntity:AcDbLine", "Linetype": null, "EntityHandle": "10E", "Text": null }, "geometry": { "type": "LineString", "coordinates": [ [ 2417473.770046588033438, 302410.494714829488657, 0.0 ], [ 2417474.60337992105633, 302410.494714829488657, 0.0 ] ] } },
{ "type": "Feature", "properties": { "Layer": "A-GENM", "PaperSpace": null, "SubClasses": "AcDbEntity:AcDbLine", "Linetype": null, "EntityHandle": "10F", "Text": null }, "geometry": { "type": "LineString", "coordinates": [ [ 2417474.60337992105633, 302410.494714829488657, 0.0 ], [ 2417473.770046588033438, 302410.494714829488657, 0.0 ] ] } },
{ "type": "Feature", "properties": { "Layer": "A-GENM", "PaperSpace": null, "SubClasses": "AcDbEntity:AcDbLine", "Linetype": null, "EntityHandle": "110", "Text": null }, "geometry": { "type": "LineString", "coordinates": [ [ 2417473.770046588033438, 302410.494714829488657, 0.0 ], [ 2417473.770046588033438, 302411.219888714083936, 0.0 ] ] } },
{ "type": "Feature", "properties": { "Layer": "A-GENM", "PaperSpace": null, "SubClasses": "AcDbEntity:AcDbLine", "Linetype": null, "EntityHandle": "111", "Text": null }, "geometry": { "type": "LineString", "coordinates": [ [ 2417473.770046588033438, 302411.219888714083936, 0.0 ], [ 2417473.770046588033438, 302411.328048162686173, 0.0 ] ] } },
{ "type": "Feature", "properties": { "Layer": "A-GENM", "PaperSpace": null, "SubClasses": "AcDbEntity:AcDbLine", "Linetype": null, "EntityHandle": "112", "Text": null }, "geometry": { "type": "LineString", "coordinates": [ [ 2417473.770046588033438, 302411.328048162686173, 0.0 ], [ 2417474.60337992105633, 302411.328048162686173, 0.0 ] ] } },
{ "type": "Feature", "properties": { "Layer": "A-GENM", "PaperSpace": null, "SubClasses": "AcDbEntity:AcDbLine", "Linetype": null, "EntityHandle": "113", "Text": null }, "geometry": { "type": "LineString", "coordinates": [ [ 2417474.60337992105633, 302411.219888714083936, 0.0 ], [ 2417474.60337992105633, 302410.494714829488657, 0.0 ] ] } },
{ "type": "Feature", "properties": { "Layer": "A-GENM", "PaperSpace": null, "SubClasses": "AcDbEntity:AcDbLine", "Linetype": null, "EntityHandle": "114", "Text": null }, "geometry": { "type": "LineString", "coordinates": [ [ 2417474.60337992105633, 302411.328048162686173, 0.0 ], [ 2417474.60337992105633, 302411.219888714083936, 0.0 ] ] } },
{ "type": "Feature", "properties": { "Layer": "S-COLS-SYMB", "PaperSpace": null, "SubClasses": "AcDbEntity:AcDbLine", "Linetype": null, "EntityHandle": "115", "Text": null }, "geometry": { "type": "LineString", "coordinates": [ [ 2417474.437458006199449, 302411.169823097181506, 0.0 ], [ 2417473.935791337862611, 302411.169823097181506, 0.0 ] ] } },
{ "type": "Feature", "properties": { "Layer": "S-COLS-SYMB", "PaperSpace": null, "SubClasses": "AcDbEntity:AcDbLine", "Linetype": null, "EntityHandle": "116", "Text": null }, "geometry": { "type": "LineString", "coordinates": [ [ 2417474.437458006199449, 302410.65315643051872, 0.0 ], [ 2417473.935791337862611, 302410.65315643051872, 0.0 ] ] } },
{ "type": "Feature", "properties": { "Layer": "S-COLS-SYMB", "PaperSpace": null, "SubClasses": "AcDbEntity:AcDbLine", "Linetype": null, "EntityHandle": "117", "Text": null }, "geometry": { "type": "LineString", "coordinates": [ [ 2417474.186624671798199, 302411.169823097181506, 0.0 ], [ 2417474.186624671798199, 302410.65315643051872, 0.0 ] ] } },
{ "type": "Feature", "properties": { "Layer": "A-GENM", "PaperSpace": null, "SubClasses": "AcDbEntity:AcDbLine", "Linetype": null, "EntityHandle": "118", "Text": null }, "geometry": { "type": "LineString", "coordinates": [ [ 2417478.852005248889327, 302403.221201049978845, 0.0 ], [ 2417478.852005248889327, 302403.946158398990519, 0.0 ] ] } },
{ "type": "Feature", "properties": { "Layer": "A-GENM", "PaperSpace": null, "SubClasses": "AcDbEntity:AcDbLine", "Linetype": null, "EntityHandle": "119", "Text": null }, "geometry": { "type": "LineString", "coordinates": [ [ 2417478.852005248889327, 302403.112825065793004, 0.0 ], [ 2417478.852005248889327, 302403.221201049978845, 0.0 ] ] } },
{ "type": "Feature", "properties": { "Layer": "A-GENM", "PaperSpace": null, "SubClasses": "AcDbEntity:AcDbLine", "Linetype": null, "EntityHandle": "11A", "Text": null }, "geometry": { "type": "LineString", "coordinates": [ [ 2417478.852005248889327, 302403.946158398990519, 0.0 ], [ 2417478.018671915866435, 302403.946158398990519, 0.0 ] ] } },
{ "type": "Feature", "properties": { "Layer": "A-GENM", "PaperSpace": null, "SubClasses": "AcDbEntity:AcDbLine", "Linetype": null, "EntityHandle": "11B", "Text": null }, "geometry": { "type": "LineString", "coordinates": [ [ 2417478.018671915866435, 302403.946158398990519, 0.0 ], [ 2417478.018671915866435, 302403.221201049978845, 0.0 ] ] } },
{ "type": "Feature", "properties": { "Layer": "A-GENM", "PaperSpace": null, "SubClasses": "AcDbEntity:AcDbLine", "Linetype": null, "EntityHandle": "11C", "Text": null }, "geometry": { "type": "LineString", "coordinates": [ [ 2417478.018671915866435, 302403.221201049978845, 0.0 ], [ 2417478.018671915866435, 302403.112825065793004, 0.0 ] ] } },
{ "type": "Feature", "properties": { "Layer": "A-GENM", "PaperSpace": null, "SubClasses": "AcDbEntity:AcDbLine", "Linetype": null, "EntityHandle": "11D", "Text": null }, "geometry": { "type": "LineString", "coordinates": [ [ 2417478.018671915866435, 302403.112825065793004, 0.0 ], [ 2417478.852005248889327, 302403.112825065793004, 0.0 ] ] } },
{ "type": "Feature", "properties": { "Layer": "A-GENM", "PaperSpace": null, "SubClasses": "AcDbEntity:AcDbLine", "Linetype": null, "EntityHandle": "11E", "Text": null }, "geometry": { "type": "LineString", "coordinates": [ [ 2417478.852005248889327, 302403.112825065793004, 0.0 ], [ 2417478.018671915866435, 302403.112825065793004, 0.0 ] ] } },
{ "type": "Feature", "properties": { "Layer": "A-GENM", "PaperSpace": null, "SubClasses": "AcDbEntity:AcDbLine", "Linetype": null, "EntityHandle": "11F", "Text": null }, "geometry": { "type": "LineString", "coordinates": [ [ 2417478.018671915866435, 302403.221201049978845, 0.0 ], [ 2417478.018671915866435, 302403.946158398990519, 0.0 ] ] } },
{ "type": "Feature", "properties": { "Layer": "A-GENM", "PaperSpace": null, "SubClasses": "AcDbEntity:AcDbLine", "Linetype": null, "EntityHandle": "120", "Text": null }, "geometry": { "type": "LineString", "coordinates": [ [ 2417478.018671915866435, 302403.112825065793004, 0.0 ], [ 2417478.018671915866435, 302403.221201049978845, 0.0 ] ] } },
{ "type": "Feature", "properties": { "Layer": "A-GENM", "PaperSpace": null, "SubClasses": "AcDbEntity:AcDbLine", "Linetype": null, "EntityHandle": "121", "Text": null }, "geometry": { "type": "LineString", "coordinates": [ [ 2417478.018671915866435, 302403.946158398990519, 0.0 ], [ 2417478.852005248889327, 302403.946158398990519, 0.0 ] ] } },
{ "type": "Feature", "properties": { "Layer": "A-GENM", "PaperSpace": null, "SubClasses": "AcDbEntity:AcDbLine", "Linetype": null, "EntityHandle": "122", "Text": null }, "geometry": { "type": "LineString", "coordinates": [ [ 2417478.852005248889327, 302403.946158398990519, 0.0 ], [ 2417478.852005248889327, 302403.221201049978845, 0.0 ] ] } },
{ "type": "Feature", "properties": { "Layer": "A-GENM", "PaperSpace": null, "SubClasses": "AcDbEntity:AcDbLine", "Linetype": null, "EntityHandle": "123", "Text": null }, "geometry": { "type": "LineString", "coordinates": [ [ 2417478.852005248889327, 302403.221201049978845, 0.0 ], [ 2417478.852005248889327, 302403.112825065793004, 0.0 ] ] } },
{ "type": "Feature", "properties": { "Layer": "S-COLS-SYMB", "PaperSpace": null, "SubClasses": "AcDbEntity:AcDbLine", "Linetype": null, "EntityHandle": "124", "Text": null }, "geometry": { "type": "LineString", "coordinates": [ [ 2417478.686083333101124, 302403.787933333485853, 0.0 ], [ 2417478.184416667092592, 302403.787933333485853, 0.0 ] ] } },
{ "type": "Feature", "properties": { "Layer": "S-COLS-SYMB", "PaperSpace": null, "SubClasses": "AcDbEntity:AcDbLine", "Linetype": null, "EntityHandle": "125", "Text": null }, "geometry": { "type": "LineString", "coordinates": [ [ 2417478.686083333101124, 302403.271266666706651, 0.0 ], [ 2417478.184416667092592, 302403.271266666706651, 0.0 ] ] } },
{ "type": "Feature", "properties": { "Layer": "S-COLS-SYMB", "PaperSpace": null, "SubClasses": "AcDbEntity:AcDbLine", "Linetype": null, "EntityHandle": "126", "Text": null }, "geometry": { "type": "LineString", "coordinates": [ [ 2417478.43525, 302403.787933333485853, 0.0 ], [ 2417478.43525, 302403.271266666706651, 0.0 ] ] } },
{ "type": "Feature", "properties": { "Layer": "A-GENM", "PaperSpace": null, "SubClasses": "AcDbEntity:AcDbLine", "Linetype": null, "EntityHandle": "127", "Text": null }, "geometry": { "type": "LineString", "coordinates": [ [ 2417478.852067586034536, 302410.494714829488657, 0.0 ], [ 2417478.852067586034536, 302411.219888714083936, 0.0 ] ] } },
{ "type": "Feature", "properties": { "Layer": "A-GENM", "PaperSpace": null, "SubClasses": "AcDbEntity:AcDbLine", "Linetype": null, "EntityHandle": "128", "Text": null }, "geometry": { "type": "LineString", "coordinates": [ [ 2417478.852067586034536, 302411.219888714083936, 0.0 ], [ 2417478.852067586034536, 302411.328048162686173, 0.0 ] ] } },
{ "type": "Feature", "properties": { "Layer": "A-GENM", "PaperSpace": null, "SubClasses": "AcDbEntity:AcDbLine", "Linetype": null, "EntityHandle": "129", "Text": null }, "geometry": { "type": "LineString", "coordinates": [ [ 2417478.852067586034536, 302411.328048162686173, 0.0 ], [ 2417478.018734252080321, 302411.328048162686173, 0.0 ] ] } },
{ "type": "Feature", "properties": { "Layer": "A-GENM", "PaperSpace": null, "SubClasses": "AcDbEntity:AcDbLine", "Linetype": null, "EntityHandle": "12A", "Text": null }, "geometry": { "type": "LineString", "coordinates": [ [ 2417478.018734252080321, 302411.219888714083936, 0.0 ], [ 2417478.018734252080321, 302410.494714829488657, 0.0 ] ] } },
{ "type": "Feature", "properties": { "Layer": "A-GENM", "PaperSpace": null, "SubClasses": "AcDbEntity:AcDbLine", "Linetype": null, "EntityHandle": "12B", "Text": null }, "geometry": { "type": "LineString", "coordinates": [ [ 2417478.018734252080321, 302411.328048162686173, 0.0 ], [ 2417478.018734252080321, 302411.219888714083936, 0.0 ] ] } },
{ "type": "Feature", "properties": { "Layer": "A-GENM", "PaperSpace": null, "SubClasses": "AcDbEntity:AcDbLine", "Linetype": null, "EntityHandle": "12C", "Text": null }, "geometry": { "type": "LineString", "coordinates": [ [ 2417478.018734252080321, 302410.494714829488657, 0.0 ], [ 2417478.852067586034536, 302410.494714829488657, 0.0 ] ] } },
{ "type": "Feature", "properties": { "Layer": "A-GENM", "PaperSpace": null, "SubClasses": "AcDbEntity:AcDbLine", "Linetype": null, "EntityHandle": "12D", "Text": null }, "geometry": { "type": "LineString", "coordinates": [ [ 2417478.852067586034536, 302410.494714829488657, 0.0 ], [ 2417478.018734252080321, 302410.494714829488657, 0.0 ] ] } },
{ "type": "Feature", "properties": { "Layer": "A-GENM", "PaperSpace": null, "SubClasses": "AcDbEntity:AcDbLine", "Linetype": null, "EntityHandle": "12E", "Text": null }, "geometry": { "type": "LineString", "coordinates": [ [ 2417478.018734252080321, 302410.494714829488657, 0.0 ], [ 2417478.018734252080321, 302411.219888714083936, 0.0 ] ] } },
{ "type": "Feature", "properties": { "Layer": "A-GENM", "PaperSpace": null, "SubClasses": "AcDbEntity:AcDbLine", "Linetype": null, "EntityHandle": "12F", "Text": null }, "geometry": { "type": "LineString", "coordinates": [ [ 2417478.018734252080321, 302411.219888714083936, 0.0 ], [ 2417478.018734252080321, 302411.328048162686173, 0.0 ] ] } },
{ "type": "Feature", "properties": { "Layer": "A-GENM", "PaperSpace": null, "SubClasses": "AcDbEntity:AcDbLine", "Linetype": null, "EntityHandle": "130", "Text": null }, "geometry": { "type": "LineString", "coordinates": [ [ 2417478.018734252080321, 302411.328048162686173, 0.0 ], [ 2417478.852067586034536, 302411.328048162686173, 0.0 ] ] } },
{ "type": "Feature", "properties": { "Layer": "A-GENM", "PaperSpace": null, "SubClasses": "AcDbEntity:AcDbLine", "Linetype": null, "EntityHandle": "131", "Text": null }, "geometry": { "type": "LineString", "coordinates": [ [ 2417478.852067586034536, 302411.219888714083936, 0.0 ], [ 2417478.852067586034536, 302410.494714829488657, 0.0 ] ] } },
{ "type": "Feature", "properties": { "Layer": "A-GENM", "PaperSpace": null, "SubClasses": "AcDbEntity:AcDbLine", "Linetype": null, "EntityHandle": "132", "Text": null }, "geometry": { "type": "LineString", "coordinates": [ [ 2417478.852067586034536, 302411.328048162686173, 0.0 ], [ 2417478.852067586034536, 302411.219888714083936, 0.0 ] ] } },
{ "type": "Feature", "properties": { "Layer": "S-COLS-SYMB", "PaperSpace": null, "SubClasses": "AcDbEntity:AcDbLine", "Linetype": null, "EntityHandle": "133", "Text": null }, "geometry": { "type": "LineString", "coordinates": [ [ 2417478.686145669780672, 302411.169823097181506, 0.0 ], [ 2417478.184479001909494, 302411.169823097181506, 0.0 ] ] } },
{ "type": "Feature", "properties": { "Layer": "S-COLS-SYMB", "PaperSpace": null, "SubClasses": "AcDbEntity:AcDbLine", "Linetype": null, "EntityHandle": "134", "Text": null }, "geometry": { "type": "LineString", "coordinates": [ [ 2417478.686145669780672, 302410.65315643051872, 0.0 ], [ 2417478.184479001909494, 302410.65315643051872, 0.0 ] ] } },
{ "type": "Feature", "properties": { "Layer": "S-COLS-SYMB", "PaperSpace": null, "SubClasses": "AcDbEntity:AcDbLine", "Linetype": null, "EntityHandle": "135", "Text": null }, "geometry": { "type": "LineString", "coordinates": [ [ 2417478.435312335845083, 302411.169823097181506, 0.0 ], [ 2417478.435312335845083, 302410.65315643051872, 0.0 ] ] } },
{ "type": "Feature", "properties": { "Layer": "A-GENM", "PaperSpace": null, "SubClasses": "AcDbEntity:AcDbLine", "Linetype": null, "EntityHandle": "136", "Text": null }, "geometry": { "type": "LineString", "coordinates": [ [ 2417483.10075525008142, 302403.221201049978845, 0.0 ], [ 2417483.10075525008142, 302403.946158398990519, 0.0 ] ] } },
{ "type": "Feature", "properties": { "Layer": "A-GENM", "PaperSpace": null, "SubClasses": "AcDbEntity:AcDbLine", "Linetype": null, "EntityHandle": "137", "Text": null }, "geometry": { "type": "LineString", "coordinates": [ [ 2417483.10075525008142, 302403.112825065793004, 0.0 ], [ 2417483.10075525008142, 302403.221201049978845, 0.0 ] ] } },
{ "type": "Feature", "properties": { "Layer": "A-GENM", "PaperSpace": null, "SubClasses": "AcDbEntity:AcDbLine", "Linetype": null, "EntityHandle": "138", "Text": null }, "geometry": { "type": "LineString", "coordinates": [ [ 2417483.10075525008142, 302403.946158398990519, 0.0 ], [ 2417482.267421916127205, 302403.946158398990519, 0.0 ] ] } },
{ "type": "Feature", "properties": { "Layer": "A-GENM", "PaperSpace": null, "SubClasses": "AcDbEntity:AcDbLine", "Linetype": null, "EntityHandle": "139", "Text": null }, "geometry": { "type": "LineString", "coordinates": [ [ 2417482.267421916127205, 302403.946158398990519, 0.0 ], [ 2417482.267421916127205, 302403.221201049978845, 0.0 ] ] } },
{ "type": "Feature", "properties": { "Layer": "A-GENM", "PaperSpace": null, "SubClasses": "AcDbEntity:AcDbLine", "Linetype": null, "EntityHandle": "13A", "Text": null }, "geometry": { "type": "LineString", "coordinates": [ [ 2417482.267421916127205, 302403.221201049978845, 0.0 ], [ 2417482.267421916127205, 302403.112825065793004, 0.0 ] ] } },
{ "type": "Feature", "properties": { "Layer": "A-GENM", "PaperSpace": null, "SubClasses": "AcDbEntity:AcDbLine", "Linetype": null, "EntityHandle": "13B", "Text": null }, "geometry": { "type": "LineString", "coordinates": [ [ 2417482.267421916127205, 302403.112825065793004, 0.0 ], [ 2417483.10075525008142, 302403.112825065793004, 0.0 ] ] } },
{ "type": "Feature", "properties": { "Layer": "A-GENM", "PaperSpace": null, "SubClasses": "AcDbEntity:AcDbLine", "Linetype": null, "EntityHandle": "13C", "Text": null }, "geometry": { "type": "LineString", "coordinates": [ [ 2417483.10075525008142, 302403.112825065793004, 0.0 ], [ 2417482.267421916127205, 302403.112825065793004, 0.0 ] ] } },
{ "type": "Feature", "properties": { "Layer": "A-GENM", "PaperSpace": null, "SubClasses": "AcDbEntity:AcDbLine", "Linetype": null, "EntityHandle": "13D", "Text": null }, "geometry": { "type": "LineString", "coordinates": [ [ 2417482.267421916127205, 302403.221201049978845, 0.0 ], [ 2417482.267421916127205, 302403.946158398990519, 0.0 ] ] } },
{ "type": "Feature", "properties": { "Layer": "A-GENM", "PaperSpace": null, "SubClasses": "AcDbEntity:AcDbLine", "Linetype": null, "EntityHandle": "13E", "Text": null }, "geometry": { "type": "LineString", "coordinates": [ [ 2417482.267421916127205, 302403.112825065793004, 0.0 ], [ 2417482.267421916127205, 302403.221201049978845, 0.0 ] ] } },
{ "type": "Feature", "properties": { "Layer": "A-GENM", "PaperSpace": null, "SubClasses": "AcDbEntity:AcDbLine", "Linetype": null, "EntityHandle": "13F", "Text": null }, "geometry": { "type": "LineString", "coordinates": [ [ 2417482.267421916127205, 302403.946158398990519, 0.0 ], [ 2417483.10075525008142, 302403.946158398990519, 0.0 ] ] } },
{ "type": "Feature", "properties": { "Layer": "A-GENM", "PaperSpace": null, "SubClasses": "AcDbEntity:AcDbLine", "Linetype": null, "EntityHandle": "140", "Text": null }, "geometry": { "type": "LineString", "coordinates": [ [ 2417483.10075525008142, 302403.946158398990519, 0.0 ], [ 2417483.10075525008142, 302403.221201049978845, 0.0 ] ] } },
{ "type": "Feature", "properties": { "Layer": "A-GENM", "PaperSpace": null, "SubClasses": "AcDbEntity:AcDbLine", "Linetype": null, "EntityHandle": "141", "Text": null }, "geometry": { "type": "LineString", "coordinates": [ [ 2417483.10075525008142, 302403.221201049978845, 0.0 ], [ 2417483.10075525008142, 302403.112825065793004, 0.0 ] ] } },
{ "type": "Feature", "properties": { "Layer": "S-COLS-SYMB", "PaperSpace": null, "SubClasses": "AcDbEntity:AcDbLine", "Linetype": null, "EntityHandle": "142", "Text": null }, "geometry": { "type": "LineString", "coordinates": [ [ 2417482.934833332896233, 302403.787933333485853, 0.0 ], [ 2417482.433166666887701, 302403.787933333485853, 0.0 ] ] } },
{ "type": "Feature", "properties": { "Layer": "S-COLS-SYMB", "PaperSpace": null, "SubClasses": "AcDbEntity:AcDbLine", "Linetype": null, "EntityHandle": "143", "Text": null }, "geometry": { "type": "LineString", "coordinates": [ [ 2417482.934833332896233, 302403.271266666706651, 0.0 ], [ 2417482.433166666887701, 302403.271266666706651, 0.0 ] ] } },
{ "type": "Feature", "properties": { "Layer": "S-COLS-SYMB", "PaperSpace": null, "SubClasses": "AcDbEntity:AcDbLine", "Linetype": null, "EntityHandle": "144", "Text": null }, "geometry": { "type": "LineString", "coordinates": [ [ 2417482.683999999891967, 302403.787933333485853, 0.0 ], [ 2417482.683999999891967, 302403.271266666706651, 0.0 ] ] } },
{ "type": "Feature", "properties": { "Layer": "A-GENM", "PaperSpace": null, "SubClasses": "AcDbEntity:AcDbLine", "Linetype": null, "EntityHandle": "145", "Text": null }, "geometry": { "type": "LineString", "coordinates": [ [ 2417483.100692913867533, 302410.494714829488657, 0.0 ], [ 2417483.100692913867533, 302411.219888714083936, 0.0 ] ] } },
{ "type": "Feature", "properties": { "Layer": "A-GENM", "PaperSpace": null, "SubClasses": "AcDbEntity:AcDbLine", "Linetype": null, "EntityHandle": "146", "Text": null }, "geometry": { "type": "LineString", "coordinates": [ [ 2417483.100692913867533, 302411.219888714083936, 0.0 ], [ 2417483.100692913867533, 302411.328048162686173, 0.0 ] ] } },
{ "type": "Feature", "properties": { "Layer": "A-GENM", "PaperSpace": null, "SubClasses": "AcDbEntity:AcDbLine", "Linetype": null, "EntityHandle": "147", "Text": null }, "geometry": { "type": "LineString", "coordinates": [ [ 2417483.100692913867533, 302411.328048162686173, 0.0 ], [ 2417482.267359579913318, 302411.328048162686173, 0.0 ] ] } },
{ "type": "Feature", "properties": { "Layer": "A-GENM", "PaperSpace": null, "SubClasses": "AcDbEntity:AcDbLine", "Linetype": null, "EntityHandle": "148", "Text": null }, "geometry": { "type": "LineString", "coordinates": [ [ 2417482.267359579913318, 302411.219888714083936, 0.0 ], [ 2417482.267359579913318, 302410.494714829488657, 0.0 ] ] } },
{ "type": "Feature", "properties": { "Layer": "A-GENM", "PaperSpace": null, "SubClasses": "AcDbEntity:AcDbLine", "Linetype": null, "EntityHandle": "149", "Text": null }, "geometry": { "type": "LineString", "coordinates": [ [ 2417482.267359579913318, 302411.328048162686173, 0.0 ], [ 2417482.267359579913318, 302411.219888714083936, 0.0 ] ] } },
{ "type": "Feature", "properties": { "Layer": "A-GENM", "PaperSpace": null, "SubClasses": "AcDbEntity:AcDbLine", "Linetype": null, "EntityHandle": "14A", "Text": null }, "geometry": { "type": "LineString", "coordinates": [ [ 2417482.267359579913318, 302410.494714829488657, 0.0 ], [ 2417483.100692913867533, 302410.494714829488657, 0.0 ] ] } },
{ "type": "Feature", "properties": { "Layer": "A-GENM", "PaperSpace": null, "SubClasses": "AcDbEntity:AcDbLine", "Linetype": null, "EntityHandle": "14B", "Text": null }, "geometry": { "type": "LineString", "coordinates": [ [ 2417483.100692913867533, 302410.494714829488657, 0.0 ], [ 2417482.267359579913318, 302410.494714829488657, 0.0 ] ] } },
{ "type": "Feature", "properties": { "Layer": "A-GENM", "PaperSpace": null, "SubClasses": "AcDbEntity:AcDbLine", "Linetype": null, "EntityHandle": "14C", "Text": null }, "geometry": { "type": "LineString", "coordinates": [ [ 2417482.267359579913318, 302410.494714829488657, 0.0 ], [ 2417482.267359579913318, 302411.219888714083936, 0.0 ] ] } },
{ "type": "Feature", "properties": { "Layer": "A-GENM", "PaperSpace": null, "SubClasses": "AcDbEntity:AcDbLine", "Linetype": null, "EntityHandle": "14D", "Text": null }, "geometry": { "type": "LineString", "coordinates": [ [ 2417482.267359579913318, 302411.219888714083936, 0.0 ], [ 2417482.267359579913318, 302411.328048162686173, 0.0 ] ] } },
{ "type": "Feature", "properties": { "Layer": "A-GENM", "PaperSpace": null, "SubClasses": "AcDbEntity:AcDbLine", "Linetype": null, "EntityHandle": "14E", "Text": null }, "geometry": { "type": "LineString", "coordinates": [ [ 2417482.267359579913318, 302411.328048162686173, 0.0 ], [ 2417483.100692913867533, 302411.328048162686173, 0.0 ] ] } },
{ "type": "Feature", "properties": { "Layer": "A-GENM", "PaperSpace": null, "SubClasses": "AcDbEntity:AcDbLine", "Linetype": null, "EntityHandle": "14F", "Text": null }, "geometry": { "type": "LineString", "coordinates": [ [ 2417483.100692913867533, 302411.219888714083936, 0.0 ], [ 2417483.100692913867533, 302410.494714829488657, 0.0 ] ] } },
{ "type": "Feature", "properties": { "Layer": "A-GENM", "PaperSpace": null, "SubClasses": "AcDbEntity:AcDbLine", "Linetype": null, "EntityHandle": "150", "Text": null }, "geometry": { "type": "LineString", "coordinates": [ [ 2417483.100692913867533, 302411.328048162686173, 0.0 ], [ 2417483.100692913867533, 302411.219888714083936, 0.0 ] ] } },
{ "type": "Feature", "properties": { "Layer": "S-COLS-SYMB", "PaperSpace": null, "SubClasses": "AcDbEntity:AcDbLine", "Linetype": null, "EntityHandle": "151", "Text": null }, "geometry": { "type": "LineString", "coordinates": [ [ 2417482.93477099807933, 302411.169823097181506, 0.0 ], [ 2417482.433104332070798, 302411.169823097181506, 0.0 ] ] } },
{ "type": "Feature", "properties": { "Layer": "S-COLS-SYMB", "PaperSpace": null, "SubClasses": "AcDbEntity:AcDbLine", "Linetype": null, "EntityHandle": "152", "Text": null }, "geometry": { "type": "LineString", "coordinates": [ [ 2417482.93477099807933, 302410.65315643051872, 0.0 ], [ 2417482.433104332070798, 302410.65315643051872, 0.0 ] ] } },
{ "type": "Feature", "properties": { "Layer": "S-COLS-SYMB", "PaperSpace": null, "SubClasses": "AcDbEntity:AcDbLine", "Linetype": null, "EntityHandle": "153", "Text": null }, "geometry": { "type": "LineString", "coordinates": [ [ 2417482.683937664143741, 302411.169823097181506, 0.0 ], [ 2417482.683937664143741, 302410.65315643051872, 0.0 ] ] } },
{ "type": "Feature", "properties": { "Layer": "A-GENM", "PaperSpace": null, "SubClasses": "AcDbEntity:AcDbLine", "Linetype": null, "EntityHandle": "154", "Text": null }, "geometry": { "type": "LineString", "coordinates": [ [ 2417464.248898293823004, 302411.219888714083936, 0.0 ], [ 2417464.248898293823004, 302403.221201049978845, 0.0 ] ] } },
{ "type": "Feature", "properties": { "Layer": "A-GENM", "PaperSpace": null, "SubClasses": "AcDbEntity:AcDbLine", "Linetype": null, "EntityHandle": "155", "Text": null }, "geometry": { "type": "LineString", "coordinates": [ [ 2417464.248898293823004, 302403.221201049978845, 0.0 ], [ 2417484.124226377811283, 302403.221201049978845, 0.0 ] ] } },
{ "type": "Feature", "properties": { "Layer": "A-GENM", "PaperSpace": null, "SubClasses": "AcDbEntity:AcDbLine", "Linetype": null, "EntityHandle": "156", "Text": null }, "geometry": { "type": "LineString", "coordinates": [ [ 2417484.124226377811283, 302403.221201049978845, 0.0 ], [ 2417484.124226377811283, 302411.219888714083936, 0.0 ] ] } },
{ "type": "Feature", "properties": { "Layer": "A-GENM", "PaperSpace": null, "SubClasses": "AcDbEntity:AcDbLine", "Linetype": null, "EntityHandle": "157", "Text": null }, "geometry": { "type": "LineString", "coordinates": [ [ 2417484.124226377811283, 302411.219888714083936, 0.0 ], [ 2417464.248898293823004, 302411.219888714083936, 0.0 ] ] } },
{ "type": "Feature", "properties": { "Layer": "A-GENM", "PaperSpace": null, "SubClasses": "AcDbEntity:AcDbLine", "Linetype": null, "EntityHandle": "158", "Text": null }, "geometry": { "type": "LineString", "coordinates": [ [ 2417467.306641076225787, 302404.382618372794241, 0.0 ], [ 2417466.158347113057971, 302404.382618372794241, 0.0 ] ] } },
{ "type": "Feature", "properties": { "Layer": "A-GENM", "PaperSpace": null, "SubClasses": "AcDbEntity:AcDbLine", "Linetype": null, "EntityHandle": "159", "Text": null }, "geometry": { "type": "LineString", "coordinates": [ [ 2417466.158347113057971, 302404.382618372794241, 0.0 ], [ 2417466.158347113057971, 302407.138523884583265, 0.0 ] ] } },
{ "type": "Feature", "properties": { "Layer": "A-GENM", "PaperSpace": null, "SubClasses": "AcDbEntity:AcDbLine", "Linetype": null, "EntityHandle": "15A", "Text": null }, "geometry": { "type": "LineString", "coordinates": [ [ 2417466.158347113057971, 302407.138523884583265, 0.0 ], [ 2417467.306641076225787, 302407.138523884583265, 0.0 ] ] } },
{ "type": "Feature", "properties": { "Layer": "A-GENM", "PaperSpace": null, "SubClasses": "AcDbEntity:AcDbLine", "Linetype": null, "EntityHandle": "15B", "Text": null }, "geometry": { "type": "LineString", "coordinates": [ [ 2417467.306641076225787, 302407.138523884583265, 0.0 ], [ 2417467.306641076225787, 302404.382618372794241, 0.0 ] ] } },
{ "type": "Feature", "properties": { "Layer": "A-GENM", "PaperSpace": null, "SubClasses": "AcDbEntity:AcDbLine", "Linetype": null, "EntityHandle": "15C", "Text": null }, "geometry": { "type": "LineString", "coordinates": [ [ 2417483.409003281034529, 302408.660833595902659, 0.0 ], [ 2417481.64719225699082, 302408.660833595902659, 0.0 ] ] } },
{ "type": "Feature", "properties": { "Layer": "A-GENM", "PaperSpace": null, "SubClasses": "AcDbEntity:AcDbLine", "Linetype": null, "EntityHandle": "15D", "Text": null }, "geometry": { "type": "LineString", "coordinates": [ [ 2417481.64719225699082, 302408.660833595902659, 0.0 ], [ 2417481.64719225699082, 302409.855059317720588, 0.0 ] ] } },
{ "type": "Feature", "properties": { "Layer": "A-GENM", "PaperSpace": null, "SubClasses": "AcDbEntity:AcDbLine", "Linetype": null, "EntityHandle": "15E", "Text": null }, "geometry": { "type": "LineString", "coordinates": [ [ 2417481.64719225699082, 302409.855059317720588, 0.0 ], [ 2417483.409003281034529, 302409.855059317720588, 0.0 ] ] } },
{ "type": "Feature", "properties": { "Layer": "A-GENM", "PaperSpace": null, "SubClasses": "AcDbEntity:AcDbLine", "Linetype": null, "EntityHandle": "15F", "Text": null }, "geometry": { "type": "LineString", "coordinates": [ [ 2417483.409003281034529, 302409.855059317720588, 0.0 ], [ 2417483.409003281034529, 302408.660833595902659, 0.0 ] ] } },
{ "type": "Feature", "properties": { "Layer": "A-GENM", "PaperSpace": null, "SubClasses": "AcDbEntity:AcDbLine", "Linetype": null, "EntityHandle": "160", "Text": null }, "geometry": { "type": "LineString", "coordinates": [ [ 2417481.079606955870986, 302408.660833595902659, 0.0 ], [ 2417479.317795931827277, 302408.660833595902659, 0.0 ] ] } },
{ "type": "Feature", "properties": { "Layer": "A-GENM", "PaperSpace": null, "SubClasses": "AcDbEntity:AcDbLine", "Linetype": null, "EntityHandle": "161", "Text": null }, "geometry": { "type": "LineString", "coordinates": [ [ 2417479.317795931827277, 302408.660833595902659, 0.0 ], [ 2417479.317795931827277, 302409.855059317720588, 0.0 ] ] } },
{ "type": "Feature", "properties": { "Layer": "A-GENM", "PaperSpace": null, "SubClasses": "AcDbEntity:AcDbLine", "Linetype": null, "EntityHandle": "162", "Text": null }, "geometry": { "type": "LineString", "coordinates": [ [ 2417479.317795931827277, 302409.855059317720588, 0.0 ], [ 2417481.079606955870986, 302409.855059317720588, 0.0 ] ] } },
{ "type": "Feature", "properties": { "Layer": "A-GENM", "PaperSpace": null, "SubClasses": "AcDbEntity:AcDbLine", "Linetype": null, "EntityHandle": "163", "Text": null }, "geometry": { "type": "LineString", "coordinates": [ [ 2417481.079606955870986, 302409.855059317720588, 0.0 ], [ 2417481.079606955870986, 302408.660833595902659, 0.0 ] ] } },
{ "type": "Feature", "properties": { "Layer": "A-GENM", "PaperSpace": null, "SubClasses": "AcDbEntity:AcDbLine", "Linetype": null, "EntityHandle": "164", "Text": null }, "geometry": { "type": "LineString", "coordinates": [ [ 2417478.75021062977612, 302408.660833595902659, 0.0 ], [ 2417476.988399607129395, 302408.660833595902659, 0.0 ] ] } },
{ "type": "Feature", "properties": { "Layer": "A-GENM", "PaperSpace": null, "SubClasses": "AcDbEntity:AcDbLine", "Linetype": null, "EntityHandle": "165", "Text": null }, "geometry": { "type": "LineString", "coordinates": [ [ 2417476.988399607129395, 302408.660833595902659, 0.0 ], [ 2417476.988399607129395, 302409.855059317720588, 0.0 ] ] } },
{ "type": "Feature", "properties": { "Layer": "A-GENM", "PaperSpace": null, "SubClasses": "AcDbEntity:AcDbLine", "Linetype": null, "EntityHandle": "166", "Text": null }, "geometry": { "type": "LineString", "coordinates": [ [ 2417476.988399607129395, 302409.855059317720588, 0.0 ], [ 2417478.75021062977612, 302409.855059317720588, 0.0 ] ] } },
{ "type": "Feature", "properties": { "Layer": "A-GENM", "PaperSpace": null, "SubClasses": "AcDbEntity:AcDbLine", "Linetype": null, "EntityHandle": "167", "Text": null }, "geometry": { "type": "LineString", "coordinates": [ [ 2417478.75021062977612, 302409.855059317720588, 0.0 ], [ 2417478.75021062977612, 302408.660833595902659, 0.0 ] ] } },
{ "type": "Feature", "properties": { "Layer": "A-GENM", "PaperSpace": null, "SubClasses": "AcDbEntity:AcDbLine", "Linetype": null, "EntityHandle": "168", "Text": null }, "geometry": { "type": "LineString", "coordinates": [ [ 2417476.420814304146916, 302408.660833595902659, 0.0 ], [ 2417474.659003281034529, 302408.660833595902659, 0.0 ] ] } },
{ "type": "Feature", "properties": { "Layer": "A-GENM", "PaperSpace": null, "SubClasses": "AcDbEntity:AcDbLine", "Linetype": null, "EntityHandle": "169", "Text": null }, "geometry": { "type": "LineString", "coordinates": [ [ 2417474.659003281034529, 302408.660833595902659, 0.0 ], [ 2417474.659003281034529, 302409.855059317720588, 0.0 ] ] } },
{ "type": "Feature", "properties": { "Layer": "A-GENM", "PaperSpace": null, "SubClasses": "AcDbEntity:AcDbLine", "Linetype": null, "EntityHandle": "16A", "Text": null }, "geometry": { "type": "LineString", "coordinates": [ [ 2417474.659003281034529, 302409.855059317720588, 0.0 ], [ 2417476.420814304146916, 302409.855059317720588, 0.0 ] ] } },
{ "type": "Feature", "properties": { "Layer": "A-GENM", "PaperSpace": null, "SubClasses": "AcDbEntity:AcDbLine", "Linetype": null, "EntityHandle": "16B", "Text": null }, "geometry": { "type": "LineString", "coordinates": [ [ 2417476.420814304146916, 302409.855059317720588, 0.0 ], [ 2417476.420814304146916, 302408.660833595902659, 0.0 ] ] } },
{ "type": "Feature", "properties": { "Layer": "A-GENM", "PaperSpace": null, "SubClasses": "AcDbEntity:AcDbLine", "Linetype": null, "EntityHandle": "16C", "Text": null }, "geometry": { "type": "LineString", "coordinates": [ [ 2417465.830263123847544, 302409.840295538073406, 0.0 ], [ 2417465.288924540858716, 302409.840295538073406, 0.0 ] ] } },
{ "type": "Feature", "properties": { "Layer": "A-GENM", "PaperSpace": null, "SubClasses": "AcDbEntity:AcDbLine", "Linetype": null, "EntityHandle": "16D", "Text": null }, "geometry": { "type": "LineString", "coordinates": [ [ 2417465.288924540858716, 302409.840295538073406, 0.0 ], [ 2417465.288924540858716, 302410.327500262472313, 0.0 ] ] } },
{ "type": "Feature", "properties": { "Layer": "A-GENM", "PaperSpace": null, "SubClasses": "AcDbEntity:AcDbLine", "Linetype": null, "EntityHandle": "16E", "Text": null }, "geometry": { "type": "LineString", "coordinates": [ [ 2417465.288924540858716, 302410.327500262472313, 0.0 ], [ 2417465.830263123847544, 302410.327500262472313, 0.0 ] ] } },
{ "type": "Feature", "properties": { "Layer": "A-GENM", "PaperSpace": null, "SubClasses": "AcDbEntity:AcDbLine", "Linetype": null, "EntityHandle": "16F", "Text": null }, "geometry": { "type": "LineString", "coordinates": [ [ 2417465.830263123847544, 302410.327500262472313, 0.0 ], [ 2417465.830263123847544, 302409.840295538073406, 0.0 ] ] } },
{ "type": "Feature", "properties": { "Layer": "A-GENM", "PaperSpace": null, "SubClasses": "AcDbEntity:AcDbLine", "Linetype": null, "EntityHandle": "170", "Text": null }, "geometry": { "type": "LineString", "coordinates": [ [ 2417464.248898293823004, 302411.219888714083936, 0.0 ], [ 2417484.124226377811283, 302411.219888714083936, 0.0 ] ] } },
{ "type": "Feature", "properties": { "Layer": "A-GENM", "PaperSpace": null, "SubClasses": "AcDbEntity:AcDbLine", "Linetype": null, "EntityHandle": "171", "Text": null }, "geometry": { "type": "LineString", "coordinates": [ [ 2417484.124226377811283, 302411.219888714083936, 0.0 ], [ 2417484.124226377811283, 302403.221201049978845, 0.0 ] ] } },
{ "type": "Feature", "properties": { "Layer": "A-GENM", "PaperSpace": null, "SubClasses": "AcDbEntity:AcDbLine", "Linetype": null, "EntityHandle": "172", "Text": null }, "geometry": { "type": "LineString", "coordinates": [ [ 2417484.124226377811283, 302403.221201049978845, 0.0 ], [ 2417464.248898293823004, 302403.221201049978845, 0.0 ] ] } },
{ "type": "Feature", "properties": { "Layer": "A-GENM", "PaperSpace": null, "SubClasses": "AcDbEntity:AcDbLine", "Linetype": null, "EntityHandle": "173", "Text": null }, "geometry": { "type": "LineString", "coordinates": [ [ 2417464.248898293823004, 302403.221201049978845, 0.0 ], [ 2417464.248898293823004, 302411.219888714083936, 0.0 ] ] } },
{ "type": "Feature", "properties": { "Layer": "A-GENM", "PaperSpace": null, "SubClasses": "AcDbEntity:AcDbLine", "Linetype": null, "EntityHandle": "174", "Text": null }, "geometry": { "type": "LineString", "coordinates": [ [ 2417467.306641076225787, 302404.382618372794241, 0.0 ], [ 2417467.306641076225787, 302407.138523884583265, 0.0 ] ] } },
{ "type": "Feature", "properties": { "Layer": "A-GENM", "PaperSpace": null, "SubClasses": "AcDbEntity:AcDbLine", "Linetype": null, "EntityHandle": "175", "Text": null }, "geometry": { "type": "LineString", "coordinates": [ [ 2417467.306641076225787, 302407.138523884583265, 0.0 ], [ 2417466.158347113057971, 302407.138523884583265, 0.0 ] ] } },
{ "type": "Feature", "properties": { "Layer": "A-GENM", "PaperSpace": null, "SubClasses": "AcDbEntity:AcDbLine", "Linetype": null, "EntityHandle": "176", "Text": null }, "geometry": { "type": "LineString", "coordinates": [ [ 2417466.158347113057971, 302407.138523884583265, 0.0 ], [ 2417466.158347113057971, 302404.382618372794241, 0.0 ] ] } },
{ "type": "Feature", "properties": { "Layer": "A-GENM", "PaperSpace": null, "SubClasses": "AcDbEntity:AcDbLine", "Linetype": null, "EntityHandle": "177", "Text": null }, "geometry": { "type": "LineString", "coordinates": [ [ 2417466.158347113057971, 302404.382618372794241, 0.0 ], [ 2417467.306641076225787, 302404.382618372794241, 0.0 ] ] } },
{ "type": "Feature", "properties": { "Layer": "A-GENM", "PaperSpace": null, "SubClasses": "AcDbEntity:AcDbLine", "Linetype": null, "EntityHandle": "178", "Text": null }, "geometry": { "type": "LineString", "coordinates": [ [ 2417483.409003281034529, 302408.660833595902659, 0.0 ], [ 2417483.409003281034529, 302409.855059317720588, 0.0 ] ] } },
{ "type": "Feature", "properties": { "Layer": "A-GENM", "PaperSpace": null, "SubClasses": "AcDbEntity:AcDbLine", "Linetype": null, "EntityHandle": "179", "Text": null }, "geometry": { "type": "LineString", "coordinates": [ [ 2417483.409003281034529, 302409.855059317720588, 0.0 ], [ 2417481.64719225699082, 302409.855059317720588, 0.0 ] ] } },
{ "type": "Feature", "properties": { "Layer": "A-GENM", "PaperSpace": null, "SubClasses": "AcDbEntity:AcDbLine", "Linetype": null, "EntityHandle": "17A", "Text": null }, "geometry": { "type": "LineString", "coordinates": [ [ 2417481.64719225699082, 302409.855059317720588, 0.0 ], [ 2417481.64719225699082, 302408.660833595902659, 0.0 ] ] } },
{ "type": "Feature", "properties": { "Layer": "A-GENM", "PaperSpace": null, "SubClasses": "AcDbEntity:AcDbLine", "Linetype": null, "EntityHandle": "17B", "Text": null }, "geometry": { "type": "LineString", "coordinates": [ [ 2417481.64719225699082, 302408.660833595902659, 0.0 ], [ 2417483.409003281034529, 302408.660833595902659, 0.0 ] ] } },
{ "type": "Feature", "properties": { "Layer": "A-GENM", "PaperSpace": null, "SubClasses": "AcDbEntity:AcDbLine", "Linetype": null, "EntityHandle": "17C", "Text": null }, "geometry": { "type": "LineString", "coordinates": [ [ 2417481.079606955870986, 302408.660833595902659, 0.0 ], [ 2417481.079606955870986, 302409.855059317720588, 0.0 ] ] } },
{ "type": "Feature", "properties": { "Layer": "A-GENM", "PaperSpace": null, "SubClasses": "AcDbEntity:AcDbLine", "Linetype": null, "EntityHandle": "17D", "Text": null }, "geometry": { "type": "LineString", "coordinates": [ [ 2417481.079606955870986, 302409.855059317720588, 0.0 ], [ 2417479.317795931827277, 302409.855059317720588, 0.0 ] ] } },
{ "type": "Feature", "properties": { "Layer": "A-GENM", "PaperSpace": null, "SubClasses": "AcDbEntity:AcDbLine", "Linetype": null, "EntityHandle": "17E", "Text": null }, "geometry": { "type": "LineString", "coordinates": [ [ 2417479.317795931827277, 302409.855059317720588, 0.0 ], [ 2417479.317795931827277, 302408.660833595902659, 0.0 ] ] } },
{ "type": "Feature", "properties": { "Layer": "A-GENM", "PaperSpace": null, "SubClasses": "AcDbEntity:AcDbLine", "Linetype": null, "EntityHandle": "17F", "Text": null }, "geometry": { "type": "LineString", "coordinates": [ [ 2417479.317795931827277, 302408.660833595902659, 0.0 ], [ 2417481.079606955870986, 302408.660833595902659, 0.0 ] ] } },
{ "type": "Feature", "properties": { "Layer": "A-GENM", "PaperSpace": null, "SubClasses": "AcDbEntity:AcDbLine", "Linetype": null, "EntityHandle": "180", "Text": null }, "geometry": { "type": "LineString", "coordinates": [ [ 2417478.75021062977612, 302408.660833595902659, 0.0 ], [ 2417478.75021062977612, 302409.855059317720588, 0.0 ] ] } },
{ "type": "Feature", "properties": { "Layer": "A-GENM", "PaperSpace": null, "SubClasses": "AcDbEntity:AcDbLine", "Linetype": null, "EntityHandle": "181", "Text": null }, "geometry": { "type": "LineString", "coordinates": [ [ 2417478.75021062977612, 302409.855059317720588, 0.0 ], [ 2417476.988399607129395, 302409.855059317720588, 0.0 ] ] } },
{ "type": "Feature", "properties": { "Layer": "A-GENM", "PaperSpace": null, "SubClasses": "AcDbEntity:AcDbLine", "Linetype": null, "EntityHandle": "182", "Text": null }, "geometry": { "type": "LineString", "coordinates": [ [ 2417476.988399607129395, 302409.855059317720588, 0.0 ], [ 2417476.988399607129395, 302408.660833595902659, 0.0 ] ] } },
{ "type": "Feature", "properties": { "Layer": "A-GENM", "PaperSpace": null, "SubClasses": "AcDbEntity:AcDbLine", "Linetype": null, "EntityHandle": "183", "Text": null }, "geometry": { "type": "LineString", "coordinates": [ [ 2417476.988399607129395, 302408.660833595902659, 0.0 ], [ 2417478.75021062977612, 302408.660833595902659, 0.0 ] ] } },
{ "type": "Feature", "properties": { "Layer": "A-GENM", "PaperSpace": null, "SubClasses": "AcDbEntity:AcDbLine", "Linetype": null, "EntityHandle": "184", "Text": null }, "geometry": { "type": "LineString", "coordinates": [ [ 2417476.420814304146916, 302408.660833595902659, 0.0 ], [ 2417476.420814304146916, 302409.855059317720588, 0.0 ] ] } },
{ "type": "Feature", "properties": { "Layer": "A-GENM", "PaperSpace": null, "SubClasses": "AcDbEntity:AcDbLine", "Linetype": null, "EntityHandle": "185", "Text": null }, "geometry": { "type": "LineString", "coordinates": [ [ 2417476.420814304146916, 302409.855059317720588, 0.0 ], [ 2417474.659003281034529, 302409.855059317720588, 0.0 ] ] } },
{ "type": "Feature", "properties": { "Layer": "A-GENM", "PaperSpace": null, "SubClasses": "AcDbEntity:AcDbLine", "Linetype": null, "EntityHandle": "186", "Text": null }, "geometry": { "type": "LineString", "coordinates": [ [ 2417474.659003281034529, 302409.855059317720588, 0.0 ], [ 2417474.659003281034529, 302408.660833595902659, 0.0 ] ] } },
{ "type": "Feature", "properties": { "Layer": "A-GENM", "PaperSpace": null, "SubClasses": "AcDbEntity:AcDbLine", "Linetype": null, "EntityHandle": "187", "Text": null }, "geometry": { "type": "LineString", "coordinates": [ [ 2417474.659003281034529, 302408.660833595902659, 0.0 ], [ 2417476.420814304146916, 302408.660833595902659, 0.0 ] ] } },
{ "type": "Feature", "properties": { "Layer": "A-GENM", "PaperSpace": null, "SubClasses": "AcDbEntity:AcDbLine", "Linetype": null, "EntityHandle": "188", "Text": null }, "geometry": { "type": "LineString", "coordinates": [ [ 2417465.830263123847544, 302409.840295538073406, 0.0 ], [ 2417465.830263123847544, 302410.327500262472313, 0.0 ] ] } },
{ "type": "Feature", "properties": { "Layer": "A-GENM", "PaperSpace": null, "SubClasses": "AcDbEntity:AcDbLine", "Linetype": null, "EntityHandle": "189", "Text": null }, "geometry": { "type": "LineString", "coordinates": [ [ 2417465.830263123847544, 302410.327500262472313, 0.0 ], [ 2417465.288924540858716, 302410.327500262472313, 0.0 ] ] } },
{ "type": "Feature", "properties": { "Layer": "A-GENM", "PaperSpace": null, "SubClasses": "AcDbEntity:AcDbLine", "Linetype": null, "EntityHandle": "18A", "Text": null }, "geometry": { "type": "LineString", "coordinates": [ [ 2417465.288924540858716, 302410.327500262472313, 0.0 ], [ 2417465.288924540858716, 302409.840295538073406, 0.0 ] ] } },
{ "type": "Feature", "properties": { "Layer": "A-GENM", "PaperSpace": null, "SubClasses": "AcDbEntity:AcDbLine", "Linetype": null, "EntityHandle": "18B", "Text": null }, "geometry": { "type": "LineString", "coordinates": [ [ 2417465.288924540858716, 302409.840295538073406, 0.0 ], [ 2417465.830263123847544, 302409.840295538073406, 0.0 ] ] } },
{ "type": "Feature", "properties": { "Layer": "S-COLS-SYMB", "PaperSpace": null, "SubClasses": "AcDbEntity:AcDbLine", "Linetype": null, "EntityHandle": "18C", "Text": null }, "geometry": { "type": "LineString", "coordinates": [ [ 2417480.431216491851956, 302451.979264097579289, 0.0 ], [ 2417480.431216491851956, 302452.510930764314253, 0.0 ] ] } },
{ "type": "Feature", "properties": { "Layer": "S-COLS-SYMB", "PaperSpace": null, "SubClasses": "AcDbEntity:AcDbLine", "Linetype": null, "EntityHandle": "18D", "Text": null }, "geometry": { "type": "LineString", "coordinates": [ [ 2417480.684549824800342, 302452.510930764314253, 0.0 ], [ 2417480.177883158903569, 302452.510930764314253, 0.0 ] ] } },
{ "type": "Feature", "properties": { "Layer": "S-COLS-SYMB", "PaperSpace": null, "SubClasses": "AcDbEntity:AcDbLine", "Linetype": null, "EntityHandle": "18E", "Text": null }, "geometry": { "type": "LineString", "coordinates": [ [ 2417480.684549824800342, 302451.979264097579289, 0.0 ], [ 2417480.177883158903569, 302451.979264097579289, 0.0 ] ] } },
{ "type": "Feature", "properties": { "Layer": "S-COLS-SYMB", "PaperSpace": null, "SubClasses": "AcDbEntity:AcDbLine", "Linetype": null, "EntityHandle": "18F", "Text": null }, "geometry": { "type": "LineString", "coordinates": [ [ 2417479.942215513903648, 302387.989336117927451, 0.0 ], [ 2417479.942215513903648, 302388.521002784604207, 0.0 ] ] } },
{ "type": "Feature", "properties": { "Layer": "S-COLS-SYMB", "PaperSpace": null, "SubClasses": "AcDbEntity:AcDbLine", "Linetype": null, "EntityHandle": "190", "Text": null }, "geometry": { "type": "LineString", "coordinates": [ [ 2417480.195548846852034, 302388.521002784604207, 0.0 ], [ 2417479.688882180955261, 302388.521002784604207, 0.0 ] ] } },
{ "type": "Feature", "properties": { "Layer": "S-COLS-SYMB", "PaperSpace": null, "SubClasses": "AcDbEntity:AcDbLine", "Linetype": null, "EntityHandle": "191", "Text": null }, "geometry": { "type": "LineString", "coordinates": [ [ 2417480.195548846852034, 302387.989336117927451, 0.0 ], [ 2417479.688882180955261, 302387.989336117927451, 0.0 ] ] } },
{ "type": "Feature", "properties": { "Layer": "S-COLS-SYMB", "PaperSpace": null, "SubClasses": "AcDbEntity:AcDbEllipse", "Linetype": null, "EntityHandle": "192", "Text": null }, "geometry": { "type": "LineString", "coordinates": [ [ 2417475.843249180819839, 302388.755170451302547, 0.0 ], [ 2417475.843490238301456, 302388.762073435704224, 0.0 ], [ 2417475.84421223634854, 302388.768942789407447, 0.0 ], [ 2417475.845411657821387, 302388.775745045742951, 0.0 ], [ 2417475.847082658670843, 302388.782447064644657, 0.0 ], [ 2417475.849217098671943, 302388.78901619464159, 0.0 ], [ 2417475.851804578211159, 302388.795420431648381, 0.0 ], [ 2417475.854832491837442, 302388.801628574728966, 0.0 ], [ 2417475.858286087866873, 302388.807610378484242, 0.0 ], [ 2417475.862148540560156, 302388.813336700259242, 0.0 ], [ 2417475.866401032544672, 302388.818779641878791, 0.0 ], [ 2417475.871022846549749, 302388.823912685911637, 0.0 ], [ 2417475.875991464592516, 302388.828710824658629, 0.0 ], [ 2417475.881282680667937, 302388.833150682155974, 0.0 ], [ 2417475.886870716232806, 302388.837210627796594, 0.0 ], [ 2417475.892728347331285, 302388.840870881918818, 0.0 ], [ 2417475.898827035911381, 302388.844113612140063, 0.0 ], [ 2417475.905137069988996, 302388.846923020260874, 0.0 ], [ 2417475.911627707071602, 302388.849285419099033, 0.0 ], [ 2417475.918267326429486, 302388.851189299253747, 0.0 ], [ 2417475.925023579504341, 302388.852625385217834, 0.0 ], [ 2417475.931863551493734, 302388.853586680546869, 0.0 ], [ 2417475.938753917813301, 302388.85406850191066, 0.0 ], [ 2417475.945661109872162, 302388.85406850191066, 0.0 ], [ 2417475.952551476191729, 302388.853586680546869, 0.0 ], [ 2417475.959391448181123, 302388.852625385217834, 0.0 ], [ 2417475.966147701255977, 302388.851189299253747, 0.0 ], [ 2417475.972787320613861, 302388.849285419099033, 0.0 ], [ 2417475.979277957696468, 302388.846923020260874, 0.0 ], [ 2417475.985587991774082, 302388.844113612140063, 0.0 ], [ 2417475.991686680354178, 302388.840870881918818, 0.0 ], [ 2417475.997544311452657, 302388.837210627796594, 0.0 ], [ 2417476.003132347017527, 302388.833150682155974, 0.0 ], [ 2417476.008423563092947, 302388.828710824658629, 0.0 ], [ 2417476.013392181135714, 302388.823912685911637, 0.0 ], [ 2417476.018013995140791, 302388.818779641878791, 0.0 ], [ 2417476.022266487125307, 302388.813336700259242, 0.0 ], [ 2417476.026128939818591, 302388.807610378484242, 0.0 ], [ 2417476.029582535848022, 302388.801628574728966, 0.0 ], [ 2417476.032610449474305, 302388.795420431648381, 0.0 ], [ 2417476.03519792901352, 302388.78901619464159, 0.0 ], [ 2417476.037332369014621, 302388.782447064644657, 0.0 ], [ 2417476.039003369864076, 302388.775745045742951, 0.0 ], [ 2417476.040202791336924, 302388.768942789407447, 0.0 ], [ 2417476.040924789384007, 302388.762073435704224, 0.0 ], [ 2417476.041165846865624, 302388.755170451302547, 0.0 ], [ 2417476.040924789384007, 302388.74826746690087, 0.0 ], [ 2417476.040202791336924, 302388.741398113197647, 0.0 ], [ 2417476.039003369864076, 302388.734595856862143, 0.0 ], [ 2417476.037332369014621, 302388.727893837960437, 0.0 ], [ 2417476.03519792901352, 302388.721324707963504, 0.0 ], [ 2417476.032610449474305, 302388.714920470956713, 0.0 ], [ 2417476.029582535848022, 302388.708712327876128, 0.0 ], [ 2417476.026128939818591, 302388.702730524120852, 0.0 ], [ 2417476.022266487125307, 302388.697004202345852, 0.0 ], [ 2417476.018013995140791, 302388.691561260726303, 0.0 ], [ 2417476.013392181135714, 302388.686428216693457, 0.0 ], [ 2417476.008423563092947, 302388.681630077946465, 0.0 ], [ 2417476.003132347017527, 302388.67719022044912, 0.0 ], [ 2417475.997544311452657, 302388.6731302748085, 0.0 ], [ 2417475.991686680354178, 302388.669470020686276, 0.0 ], [ 2417475.985587991774082, 302388.666227290465031, 0.0 ], [ 2417475.979277957696468, 302388.66341788234422, 0.0 ], [ 2417475.972787320613861, 302388.661055483506061, 0.0 ], [ 2417475.966147701255977, 302388.659151603351347, 0.0 ], [ 2417475.959391448181123, 302388.65771551738726, 0.0 ], [ 2417475.952551476191729, 302388.656754222058225, 0.0 ], [ 2417475.945661109872162, 302388.656272400694434, 0.0 ], [ 2417475.938753917813301, 302388.656272400694434, 0.0 ], [ 2417475.931863551493734, 302388.656754222058225, 0.0 ], [ 2417475.925023579504341, 302388.65771551738726, 0.0 ], [ 2417475.918267326429486, 302388.659151603351347, 0.0 ], [ 2417475.911627707071602, 302388.661055483506061, 0.0 ], [ 2417475.905137069988996, 302388.66341788234422, 0.0 ], [ 2417475.898827035911381, 302388.666227290465031, 0.0 ], [ 2417475.892728347331285, 302388.669470020686276, 0.0 ], [ 2417475.886870716232806, 302388.6731302748085, 0.0 ], [ 2417475.881282680667937, 302388.67719022044912, 0.0 ], [ 2417475.875991464592516, 302388.681630077946465, 0.0 ], [ 2417475.871022846549749, 302388.686428216693457, 0.0 ], [ 2417475.866401032544672, 302388.691561260726303, 0.0 ], [ 2417475.862148540560156, 302388.697004202345852, 0.0 ], [ 2417475.858286087866873, 302388.702730524120852, 0.0 ], [ 2417475.854832491837442, 302388.708712327876128, 0.0 ], [ 2417475.851804578211159, 302388.714920470956713, 0.0 ], [ 2417475.849217098671943, 302388.721324707963504, 0.0 ], [ 2417475.847082658670843, 302388.727893837960437, 0.0 ], [ 2417475.845411657821387, 302388.734595856862143, 0.0 ], [ 2417475.84421223634854, 302388.741398113197647, 0.0 ], [ 2417475.843490238301456, 302388.74826746690087, 0.0 ], [ 2417475.843249180819839, 302388.755170451302547, 0.0 ] ] } },
{ "type": "Feature", "properties": { "Layer": "S-COLS-SYMB", "PaperSpace": null, "SubClasses": "AcDbEntity:AcDbEllipse", "Linetype": null, "EntityHandle": "193", "Text": null }, "geometry": { "type": "LineString", "coordinates": [ [ 2417483.843249180819839, 302388.755170451302547, 0.0 ], [ 2417483.843490238301456, 302388.762073435704224, 0.0 ], [ 2417483.84421223634854, 302388.768942789407447, 0.0 ], [ 2417483.845411657821387, 302388.775745045742951, 0.0 ], [ 2417483.847082658670843, 302388.782447064644657, 0.0 ], [ 2417483.849217098671943, 302388.78901619464159, 0.0 ], [ 2417483.851804578211159, 302388.795420431648381, 0.0 ], [ 2417483.854832491837442, 302388.801628574728966, 0.0 ], [ 2417483.858286087866873, 302388.807610378484242, 0.0 ], [ 2417483.862148540560156, 302388.813336700259242, 0.0 ], [ 2417483.866401032544672, 302388.818779641878791, 0.0 ], [ 2417483.871022846549749, 302388.823912685911637, 0.0 ], [ 2417483.875991464592516, 302388.828710824658629, 0.0 ], [ 2417483.881282680667937, 302388.833150682155974, 0.0 ], [ 2417483.886870716232806, 302388.837210627796594, 0.0 ], [ 2417483.892728347331285, 302388.840870881918818, 0.0 ], [ 2417483.898827035911381, 302388.844113612140063, 0.0 ], [ 2417483.905137069988996, 302388.846923020260874, 0.0 ], [ 2417483.911627707071602, 302388.849285419099033, 0.0 ], [ 2417483.918267326429486, 302388.851189299253747, 0.0 ], [ 2417483.925023579504341, 302388.852625385217834, 0.0 ], [ 2417483.931863551493734, 302388.853586680546869, 0.0 ], [ 2417483.938753917813301, 302388.85406850191066, 0.0 ], [ 2417483.945661109872162, 302388.85406850191066, 0.0 ], [ 2417483.952551476191729, 302388.853586680546869, 0.0 ], [ 2417483.959391448181123, 302388.852625385217834, 0.0 ], [ 2417483.966147701255977, 302388.851189299253747, 0.0 ], [ 2417483.972787320613861, 302388.849285419099033, 0.0 ], [ 2417483.979277957696468, 302388.846923020260874, 0.0 ], [ 2417483.985587991774082, 302388.844113612140063, 0.0 ], [ 2417483.991686680354178, 302388.840870881918818, 0.0 ], [ 2417483.997544311452657, 302388.837210627796594, 0.0 ], [ 2417484.003132347017527, 302388.833150682155974, 0.0 ], [ 2417484.008423563092947, 302388.828710824658629, 0.0 ], [ 2417484.013392181135714, 302388.823912685911637, 0.0 ], [ 2417484.018013995140791, 302388.818779641878791, 0.0 ], [ 2417484.022266487125307, 302388.813336700259242, 0.0 ], [ 2417484.026128939818591, 302388.807610378484242, 0.0 ], [ 2417484.029582535848022, 302388.801628574728966, 0.0 ], [ 2417484.032610449474305, 302388.795420431648381, 0.0 ], [ 2417484.03519792901352, 302388.78901619464159, 0.0 ], [ 2417484.037332369014621, 302388.782447064644657, 0.0 ], [ 2417484.039003369864076, 302388.775745045742951, 0.0 ], [ 2417484.040202791336924, 302388.768942789407447, 0.0 ], [ 2417484.040924789384007, 302388.762073435704224, 0.0 ], [ 2417484.041165846865624, 302388.755170451302547, 0.0 ], [ 2417484.040924789384007, 302388.74826746690087, 0.0 ], [ 2417484.040202791336924, 302388.741398113197647, 0.0 ], [ 2417484.039003369864076, 302388.734595856862143, 0.0 ], [ 2417484.037332369014621, 302388.727893837960437, 0.0 ], [ 2417484.03519792901352, 302388.721324707963504, 0.0 ], [ 2417484.032610449474305, 302388.714920470956713, 0.0 ], [ 2417484.029582535848022, 302388.708712327876128, 0.0 ], [ 2417484.026128939818591, 302388.702730524120852, 0.0 ], [ 2417484.022266487125307, 302388.697004202345852, 0.0 ], [ 2417484.018013995140791, 302388.691561260726303, 0.0 ], [ 2417484.013392181135714, 302388.686428216693457, 0.0 ], [ 2417484.008423563092947, 302388.681630077946465, 0.0 ], [ 2417484.003132347017527, 302388.67719022044912, 0.0 ], [ 2417483.997544311452657, 302388.6731302748085, 0.0 ], [ 2417483.991686680354178, 302388.669470020686276, 0.0 ], [ 2417483.985587991774082, 302388.666227290465031, 0.0 ], [ 2417483.979277957696468, 302388.66341788234422, 0.0 ], [ 2417483.972787320613861, 302388.661055483506061, 0.0 ], [ 2417483.966147701255977, 302388.659151603351347, 0.0 ], [ 2417483.959391448181123, 302388.65771551738726, 0.0 ], [ 2417483.952551476191729, 302388.656754222058225, 0.0 ], [ 2417483.945661109872162, 302388.656272400694434, 0.0 ], [ 2417483.938753917813301, 302388.656272400694434, 0.0 ], [ 2417483.931863551493734, 302388.656754222058225, 0.0 ], [ 2417483.925023579504341, 302388.65771551738726, 0.0 ], [ 2417483.918267326429486, 302388.659151603351347, 0.0 ], [ 2417483.911627707071602, 302388.661055483506061, 0.0 ], [ 2417483.905137069988996, 302388.66341788234422, 0.0 ], [ 2417483.898827035911381, 302388.666227290465031, 0.0 ], [ 2417483.892728347331285, 302388.669470020686276, 0.0 ], [ 2417483.886870716232806, 302388.6731302748085, 0.0 ], [ 2417483.881282680667937, 302388.67719022044912, 0.0 ], [ 2417483.875991464592516, 302388.681630077946465, 0.0 ], [ 2417483.871022846549749, 302388.686428216693457, 0.0 ], [ 2417483.866401032544672, 302388.691561260726303, 0.0 ], [ 2417483.862148540560156, 302388.697004202345852, 0.0 ], [ 2417483.858286087866873, 302388.702730524120852, 0.0 ], [ 2417483.854832491837442, 302388.708712327876128, 0.0 ], [ 2417483.851804578211159, 302388.714920470956713, 0.0 ], [ 2417483.849217098671943, 302388.721324707963504, 0.0 ], [ 2417483.847082658670843, 302388.727893837960437, 0.0 ], [ 2417483.845411657821387, 302388.734595856862143, 0.0 ], [ 2417483.84421223634854, 302388.741398113197647, 0.0 ], [ 2417483.843490238301456, 302388.74826746690087, 0.0 ], [ 2417483.843249180819839, 302388.755170451302547, 0.0 ] ] } },
{ "type": "Feature", "properties": { "Layer": "S-COLS-SYMB", "PaperSpace": null, "SubClasses": "AcDbEntity:AcDbEllipse", "Linetype": null, "EntityHandle": "194", "Text": null }, "geometry": { "type": "LineString", "coordinates": [ [ 2417475.030179825145751, 302451.745096430880949, 0.0 ], [ 2417475.029938767664135, 302451.738193446479272, 0.0 ], [ 2417475.029216769617051, 302451.731324092776049, 0.0 ], [ 2417475.028017348144203, 302451.724521836440545, 0.0 ], [ 2417475.026346347294748, 302451.717819817538839, 0.0 ], [ 2417475.024211907293648, 302451.711250687541906, 0.0 ], [ 2417475.021624427754432, 302451.704846450535115, 0.0 ], [ 2417475.018596514128149, 302451.69863830745453, 0.0 ], [ 2417475.015142918098718, 302451.692656503699254, 0.0 ], [ 2417475.011280465405434, 302451.686930181924254, 0.0 ], [ 2417475.007027973420918, 302451.681487240304705, 0.0 ], [ 2417475.002406159415841, 302451.676354196271859, 0.0 ], [ 2417474.997437541373074, 302451.671556057524867, 0.0 ], [ 2417474.992146325297654, 302451.667116200027522, 0.0 ], [ 2417474.986558289732784, 302451.663056254386902, 0.0 ], [ 2417474.980700658634305, 302451.659396000264678, 0.0 ], [ 2417474.974601970054209, 302451.656153270043433, 0.0 ], [ 2417474.968291935976595, 302451.653343861922622, 0.0 ], [ 2417474.961801298893988, 302451.650981463084463, 0.0 ], [ 2417474.955161679536104, 302451.649077582929749, 0.0 ], [ 2417474.94840542646125, 302451.647641496965662, 0.0 ], [ 2417474.941565454471856, 302451.646680201636627, 0.0 ], [ 2417474.934675088152289, 302451.646198380272835, 0.0 ], [ 2417474.927767896093428, 302451.646198380272835, 0.0 ], [ 2417474.920877529773861, 302451.646680201636627, 0.0 ], [ 2417474.914037557784468, 302451.647641496965662, 0.0 ], [ 2417474.907281304709613, 302451.649077582929749, 0.0 ], [ 2417474.900641685351729, 302451.650981463084463, 0.0 ], [ 2417474.894151048269123, 302451.653343861922622, 0.0 ], [ 2417474.887841014191508, 302451.656153270043433, 0.0 ], [ 2417474.881742325611413, 302451.659396000264678, 0.0 ], [ 2417474.875884694512933, 302451.663056254386902, 0.0 ], [ 2417474.870296658948064, 302451.667116200027522, 0.0 ], [ 2417474.865005442872643, 302451.671556057524867, 0.0 ], [ 2417474.860036824829876, 302451.676354196271859, 0.0 ], [ 2417474.8554150108248, 302451.681487240304705, 0.0 ], [ 2417474.851162518840283, 302451.686930181924254, 0.0 ], [ 2417474.847300066147, 302451.692656503699254, 0.0 ], [ 2417474.843846470117569, 302451.69863830745453, 0.0 ], [ 2417474.840818556491286, 302451.704846450535115, 0.0 ], [ 2417474.83823107695207, 302451.711250687541906, 0.0 ], [ 2417474.83609663695097, 302451.717819817538839, 0.0 ], [ 2417474.834425636101514, 302451.724521836440545, 0.0 ], [ 2417474.833226214628667, 302451.731324092776049, 0.0 ], [ 2417474.832504216581583, 302451.738193446479272, 0.0 ], [ 2417474.832263159099966, 302451.745096430880949, 0.0 ], [ 2417474.832504216581583, 302451.751999415282626, 0.0 ], [ 2417474.833226214628667, 302451.758868768985849, 0.0 ], [ 2417474.834425636101514, 302451.765671025321353, 0.0 ], [ 2417474.83609663695097, 302451.772373044223059, 0.0 ], [ 2417474.83823107695207, 302451.778942174219992, 0.0 ], [ 2417474.840818556491286, 302451.785346411226783, 0.0 ], [ 2417474.843846470117569, 302451.791554554307368, 0.0 ], [ 2417474.847300066147, 302451.797536358062644, 0.0 ], [ 2417474.851162518840283, 302451.803262679837644, 0.0 ], [ 2417474.8554150108248, 302451.808705621457193, 0.0 ], [ 2417474.860036824829876, 302451.813838665490039, 0.0 ], [ 2417474.865005442872643, 302451.81863680423703, 0.0 ], [ 2417474.870296658948064, 302451.823076661734376, 0.0 ], [ 2417474.875884694512933, 302451.827136607374996, 0.0 ], [ 2417474.881742325611413, 302451.83079686149722, 0.0 ], [ 2417474.887841014191508, 302451.834039591718465, 0.0 ], [ 2417474.894151048269123, 302451.836848999839276, 0.0 ], [ 2417474.900641685351729, 302451.839211398677435, 0.0 ], [ 2417474.907281304709613, 302451.841115278832149, 0.0 ], [ 2417474.914037557784468, 302451.842551364796236, 0.0 ], [ 2417474.920877529773861, 302451.84351266012527, 0.0 ], [ 2417474.927767896093428, 302451.843994481489062, 0.0 ], [ 2417474.934675088152289, 302451.843994481489062, 0.0 ], [ 2417474.941565454471856, 302451.84351266012527, 0.0 ], [ 2417474.94840542646125, 302451.842551364796236, 0.0 ], [ 2417474.955161679536104, 302451.841115278832149, 0.0 ], [ 2417474.961801298893988, 302451.839211398677435, 0.0 ], [ 2417474.968291935976595, 302451.836848999839276, 0.0 ], [ 2417474.974601970054209, 302451.834039591718465, 0.0 ], [ 2417474.980700658634305, 302451.83079686149722, 0.0 ], [ 2417474.986558289732784, 302451.827136607374996, 0.0 ], [ 2417474.992146325297654, 302451.823076661734376, 0.0 ], [ 2417474.997437541373074, 302451.81863680423703, 0.0 ], [ 2417475.002406159415841, 302451.813838665490039, 0.0 ], [ 2417475.007027973420918, 302451.808705621457193, 0.0 ], [ 2417475.011280465405434, 302451.803262679837644, 0.0 ], [ 2417475.015142918098718, 302451.797536358062644, 0.0 ], [ 2417475.018596514128149, 302451.791554554307368, 0.0 ], [ 2417475.021624427754432, 302451.785346411226783, 0.0 ], [ 2417475.024211907293648, 302451.778942174219992, 0.0 ], [ 2417475.026346347294748, 302451.772373044223059, 0.0 ], [ 2417475.028017348144203, 302451.765671025321353, 0.0 ], [ 2417475.029216769617051, 302451.758868768985849, 0.0 ], [ 2417475.029938767664135, 302451.751999415282626, 0.0 ], [ 2417475.030179825145751, 302451.745096430880949, 0.0 ] ] } },
{ "type": "Feature", "properties": { "Layer": "S-COLS-SYMB", "PaperSpace": null, "SubClasses": "AcDbEntity:AcDbEllipse", "Linetype": null, "EntityHandle": "195", "Text": null }, "geometry": { "type": "LineString", "coordinates": [ [ 2417483.030179825145751, 302451.745096430880949, 0.0 ], [ 2417483.029938767664135, 302451.738193446479272, 0.0 ], [ 2417483.029216769617051, 302451.731324092776049, 0.0 ], [ 2417483.028017348144203, 302451.724521836440545, 0.0 ], [ 2417483.026346347294748, 302451.717819817538839, 0.0 ], [ 2417483.024211907293648, 302451.711250687541906, 0.0 ], [ 2417483.021624427754432, 302451.704846450535115, 0.0 ], [ 2417483.018596514128149, 302451.69863830745453, 0.0 ], [ 2417483.015142918098718, 302451.692656503699254, 0.0 ], [ 2417483.011280465405434, 302451.686930181924254, 0.0 ], [ 2417483.007027973420918, 302451.681487240304705, 0.0 ], [ 2417483.002406159415841, 302451.676354196271859, 0.0 ], [ 2417482.997437541373074, 302451.671556057524867, 0.0 ], [ 2417482.992146325297654, 302451.667116200027522, 0.0 ], [ 2417482.986558289732784, 302451.663056254386902, 0.0 ], [ 2417482.980700658634305, 302451.659396000264678, 0.0 ], [ 2417482.974601970054209, 302451.656153270043433, 0.0 ], [ 2417482.968291935976595, 302451.653343861922622, 0.0 ], [ 2417482.961801298893988, 302451.650981463084463, 0.0 ], [ 2417482.955161679536104, 302451.649077582929749, 0.0 ], [ 2417482.94840542646125, 302451.647641496965662, 0.0 ], [ 2417482.941565454471856, 302451.646680201636627, 0.0 ], [ 2417482.934675088152289, 302451.646198380272835, 0.0 ], [ 2417482.927767896093428, 302451.646198380272835, 0.0 ], [ 2417482.920877529773861, 302451.646680201636627, 0.0 ], [ 2417482.914037557784468, 302451.647641496965662, 0.0 ], [ 2417482.907281304709613, 302451.649077582929749, 0.0 ], [ 2417482.900641685351729, 302451.650981463084463, 0.0 ], [ 2417482.894151048269123, 302451.653343861922622, 0.0 ], [ 2417482.887841014191508, 302451.656153270043433, 0.0 ], [ 2417482.881742325611413, 302451.659396000264678, 0.0 ], [ 2417482.875884694512933, 302451.663056254386902, 0.0 ], [ 2417482.870296658948064, 302451.667116200027522, 0.0 ], [ 2417482.865005442872643, 302451.671556057524867, 0.0 ], [ 2417482.860036824829876, 302451.676354196271859, 0.0 ], [ 2417482.8554150108248, 302451.681487240304705, 0.0 ], [ 2417482.851162518840283, 302451.686930181924254, 0.0 ], [ 2417482.847300066147, 302451.692656503699254, 0.0 ], [ 2417482.843846470117569, 302451.69863830745453, 0.0 ], [ 2417482.840818556491286, 302451.704846450535115, 0.0 ], [ 2417482.83823107695207, 302451.711250687541906, 0.0 ], [ 2417482.83609663695097, 302451.717819817538839, 0.0 ], [ 2417482.834425636101514, 302451.724521836440545, 0.0 ], [ 2417482.833226214628667, 302451.731324092776049, 0.0 ], [ 2417482.832504216581583, 302451.738193446479272, 0.0 ], [ 2417482.832263159099966, 302451.745096430880949, 0.0 ], [ 2417482.832504216581583, 302451.751999415282626, 0.0 ], [ 2417482.833226214628667, 302451.758868768985849, 0.0 ], [ 2417482.834425636101514, 302451.765671025321353, 0.0 ], [ 2417482.83609663695097, 302451.772373044223059, 0.0 ], [ 2417482.83823107695207, 302451.778942174219992, 0.0 ], [ 2417482.840818556491286, 302451.785346411226783, 0.0 ], [ 2417482.843846470117569, 302451.791554554307368, 0.0 ], [ 2417482.847300066147, 302451.797536358062644, 0.0 ], [ 2417482.851162518840283, 302451.803262679837644, 0.0 ], [ 2417482.8554150108248, 302451.808705621457193, 0.0 ], [ 2417482.860036824829876, 302451.813838665490039, 0.0 ], [ 2417482.865005442872643, 302451.81863680423703, 0.0 ], [ 2417482.870296658948064, 302451.823076661734376, 0.0 ], [ 2417482.875884694512933, 302451.827136607374996, 0.0 ], [ 2417482.881742325611413, 302451.83079686149722, 0.0 ], [ 2417482.887841014191508, 302451.834039591718465, 0.0 ], [ 2417482.894151048269123, 302451.836848999839276, 0.0 ], [ 2417482.900641685351729, 302451.839211398677435, 0.0 ], [ 2417482.907281304709613, 302451.841115278832149, 0.0 ], [ 2417482.914037557784468, 302451.842551364796236, 0.0 ], [ 2417482.920877529773861, 302451.84351266012527, 0.0 ], [ 2417482.927767896093428, 302451.843994481489062, 0.0 ], [ 2417482.934675088152289, 302451.843994481489062, 0.0 ], [ 2417482.941565454471856, 302451.84351266012527, 0.0 ], [ 2417482.94840542646125, 302451.842551364796236, 0.0 ], [ 2417482.955161679536104, 302451.841115278832149, 0.0 ], [ 2417482.961801298893988, 302451.839211398677435, 0.0 ], [ 2417482.968291935976595, 302451.836848999839276, 0.0 ], [ 2417482.974601970054209, 302451.834039591718465, 0.0 ], [ 2417482.980700658634305, 302451.83079686149722, 0.0 ], [ 2417482.986558289732784, 302451.827136607374996, 0.0 ], [ 2417482.992146325297654, 302451.823076661734376, 0.0 ], [ 2417482.997437541373074, 302451.81863680423703, 0.0 ], [ 2417483.002406159415841, 302451.813838665490039, 0.0 ], [ 2417483.007027973420918, 302451.808705621457193, 0.0 ], [ 2417483.011280465405434, 302451.803262679837644, 0.0 ], [ 2417483.015142918098718, 302451.797536358062644, 0.0 ], [ 2417483.018596514128149, 302451.791554554307368, 0.0 ], [ 2417483.021624427754432, 302451.785346411226783, 0.0 ], [ 2417483.024211907293648, 302451.778942174219992, 0.0 ], [ 2417483.026346347294748, 302451.772373044223059, 0.0 ], [ 2417483.028017348144203, 302451.765671025321353, 0.0 ], [ 2417483.029216769617051, 302451.758868768985849, 0.0 ], [ 2417483.029938767664135, 302451.751999415282626, 0.0 ], [ 2417483.030179825145751, 302451.745096430880949, 0.0 ] ] } },
{ "type": "Feature", "properties": { "Layer": "A-DETL-THIN", "PaperSpace": null, "SubClasses": "AcDbEntity:AcDbLine", "Linetype": null, "EntityHandle": "196", "Text": null }, "geometry": { "type": "LineString", "coordinates": [ [ 2417483.476711614057422, 302408.52541692921659, 0.0 ], [ 2417483.143378281034529, 302408.52541692921659, 0.0 ] ] } },
{ "type": "Feature", "properties": { "Layer": "S-COLS-SYMB", "PaperSpace": null, "SubClasses": "AcDbEntity:AcDbLine", "Linetype": null, "EntityHandle": "198", "Text": null }, "geometry": { "type": "LineString", "coordinates": [ [ 2417477.431210491806269, 302451.979264097579289, 0.0 ], [ 2417477.431210491806269, 302452.510930764314253, 0.0 ] ] } },
{ "type": "Feature", "properties": { "Layer": "S-COLS-SYMB", "PaperSpace": null, "SubClasses": "AcDbEntity:AcDbLine", "Linetype": null, "EntityHandle": "199", "Text": null }, "geometry": { "type": "LineString", "coordinates": [ [ 2417477.684543825220317, 302452.510930764314253, 0.0 ], [ 2417477.177877158857882, 302452.510930764314253, 0.0 ] ] } },
{ "type": "Feature", "properties": { "Layer": "S-COLS-SYMB", "PaperSpace": null, "SubClasses": "AcDbEntity:AcDbLine", "Linetype": null, "EntityHandle": "19A", "Text": null }, "geometry": { "type": "LineString", "coordinates": [ [ 2417477.684543825220317, 302451.979264097579289, 0.0 ], [ 2417477.177877158857882, 302451.979264097579289, 0.0 ] ] } },
{ "type": "Feature", "properties": { "Layer": "_BoT Ramp", "PaperSpace": null, "SubClasses": "AcDbEntity:AcDbLine", "Linetype": null, "EntityHandle": "19B", "Text": null }, "geometry": { "type": "LineString", "coordinates": [ [ 2417489.177200612146407, 302400.281861221883446, 736.35979737086268 ], [ 2417493.136998586822301, 302396.463484603504185, 739.467992963869051 ] ] } },
{ "type": "Feature", "properties": { "Layer": "_BoT Ramp", "PaperSpace": null, "SubClasses": "AcDbEntity:AcDbLine", "Linetype": null, "EntityHandle": "19C", "Text": null }, "geometry": { "type": "LineString", "coordinates": [ [ 2417487.055880267173052, 302398.16054087842349, 736.319999802086613 ], [ 2417490.874256887007505, 302394.200742903689388, 739.41958281561233 ] ] } },
{ "type": "Feature", "properties": { "Layer": "_BoT Ramp", "PaperSpace": null, "SubClasses": "AcDbEntity:AcDbLine", "Linetype": null, "EntityHandle": "19D", "Text": null }, "geometry": { "type": "LineString", "coordinates": [ [ 2417460.241212354972959, 302399.22120105009526, 736.103193577072602 ], [ 2417456.352125057950616, 302395.332113753596786, 739.040619840736099 ] ] } },
{ "type": "Feature", "properties": { "Layer": "_BoT Ramp", "PaperSpace": null, "SubClasses": "AcDbEntity:AcDbLine", "Linetype": null, "EntityHandle": "19E", "Text": null }, "geometry": { "type": "LineString", "coordinates": [ [ 2417461.301872527226806, 302398.16054087842349, 736.10496440358645 ], [ 2417457.483495907858014, 302394.200742903689388, 739.04250872234627 ] ] } },
{ "type": "Feature", "properties": { "Layer": "_BoT Ramp", "PaperSpace": null, "SubClasses": "AcDbEntity:AcDbLine", "Linetype": null, "EntityHandle": "19F", "Text": null }, "geometry": { "type": "LineString", "coordinates": [ [ 2417459.180552183184773, 302400.281861221883446, 736.097297735101733 ], [ 2417455.220754208043218, 302396.463484603504185, 739.038392614173176 ] ] } },
{ "type": "Feature", "properties": { "Layer": "_BoT Ramp", "PaperSpace": null, "SubClasses": "AcDbEntity:AcDbLine", "Linetype": null, "EntityHandle": "1A0", "Text": null }, "geometry": { "type": "LineString", "coordinates": [ [ 2417488.11654043989256, 302399.22120105009526, 736.341641930355763 ], [ 2417492.005627736914903, 302395.332113753596786, 739.450677596883793 ] ] } },
{ "type": "Feature", "properties": { "Layer": "_BoT Ramp", "PaperSpace": null, "SubClasses": "AcDbEntity:AcDbLine", "Linetype": null, "EntityHandle": "1A1", "Text": null }, "geometry": { "type": "LineString", "coordinates": [ [ 2417460.241212354972959, 302415.219888714200351, 736.101048297240368 ], [ 2417456.352125057950616, 302419.108976010698825, 739.074258089137402 ] ] } },
{ "type": "Feature", "properties": { "Layer": "_BoT Ramp", "PaperSpace": null, "SubClasses": "AcDbEntity:AcDbLine", "Linetype": null, "EntityHandle": "1A2", "Text": null }, "geometry": { "type": "LineString", "coordinates": [ [ 2417459.180552183184773, 302414.159228542412166, 736.085482099705018 ], [ 2417455.220754208043218, 302417.977605160791427, 739.068021438181404 ] ] } },
{ "type": "Feature", "properties": { "Layer": "_BoT Ramp", "PaperSpace": null, "SubClasses": "AcDbEntity:AcDbLine", "Linetype": null, "EntityHandle": "1A3", "Text": null }, "geometry": { "type": "LineString", "coordinates": [ [ 2417461.301872527226806, 302416.280548885988537, 736.116614494775945 ], [ 2417457.483495907858014, 302420.240346860606223, 739.099492945140128 ] ] } },
{ "type": "Feature", "properties": { "Layer": "_BoT Ramp", "PaperSpace": null, "SubClasses": "AcDbEntity:AcDbLine", "Linetype": null, "EntityHandle": "1A4", "Text": null }, "geometry": { "type": "LineString", "coordinates": [ [ 2417488.11654043989256, 302415.219888714200351, 736.334862080259882 ], [ 2417492.005627736914903, 302419.108976010698825, 739.430926113905912 ] ] } },
{ "type": "Feature", "properties": { "Layer": "_BoT Ramp", "PaperSpace": null, "SubClasses": "AcDbEntity:AcDbLine", "Linetype": null, "EntityHandle": "1A5", "Text": null }, "geometry": { "type": "LineString", "coordinates": [ [ 2417487.055880267173052, 302416.280548885988537, 736.358531106733494 ], [ 2417490.874256887007505, 302420.240346860606223, 739.447383179977123 ] ] } },
{ "type": "Feature", "properties": { "Layer": "_BoT Ramp", "PaperSpace": null, "SubClasses": "AcDbEntity:AcDbLine", "Linetype": null, "EntityHandle": "1A6", "Text": null }, "geometry": { "type": "LineString", "coordinates": [ [ 2417489.177200612146407, 302414.159228542412166, 736.314111767532154 ], [ 2417493.136998586822301, 302417.977605160791427, 739.409932291930886 ] ] } },
{ "type": "Feature", "properties": { "Layer": "_BoT Ramp", "PaperSpace": null, "SubClasses": "AcDbEntity:AcDbLine", "Linetype": null, "EntityHandle": "1A7", "Text": null }, "geometry": { "type": "LineString", "coordinates": [ [ 2417481.997049824800342, 302448.896138097625226, 737.609876912638356 ], [ 2417486.997049824800342, 302448.996138097718358, 740.277 ] ] } },
{ "type": "Feature", "properties": { "Layer": "_BoT Ramp", "PaperSpace": null, "SubClasses": "AcDbEntity:AcDbLine", "Linetype": null, "EntityHandle": "1A8", "Text": null }, "geometry": { "type": "LineString", "coordinates": [ [ 2417481.997049824800342, 302445.896138097683433, 737.501692281596092 ], [ 2417486.997049824800342, 302445.796138097590301, 740.169 ] ] } },
{ "type": "Feature", "properties": { "Layer": "_BoT Ramp", "PaperSpace": null, "SubClasses": "AcDbEntity:AcDbLine", "Linetype": null, "EntityHandle": "1A9", "Text": null }, "geometry": { "type": "LineString", "coordinates": [ [ 2417481.997049824800342, 302447.396138097683433, 737.555784597117281 ], [ 2417486.997049824800342, 302447.396138097683433, 740.223 ] ] } },
{ "type": "Feature", "properties": { "Layer": "_BoT Ramp", "PaperSpace": null, "SubClasses": "AcDbEntity:AcDbLine", "Linetype": null, "EntityHandle": "1AA", "Text": null }, "geometry": { "type": "LineString", "coordinates": [ [ 2417481.508048846852034, 302393.604128784500062, 736.529274072060502 ], [ 2417486.508048846852034, 302393.704128784593195, 739.338198932808723 ] ] } },
{ "type": "Feature", "properties": { "Layer": "_BoT Ramp", "PaperSpace": null, "SubClasses": "AcDbEntity:AcDbLine", "Linetype": null, "EntityHandle": "1AB", "Text": null }, "geometry": { "type": "LineString", "coordinates": [ [ 2417481.508048846852034, 302390.604128784500062, 736.560715841518231 ], [ 2417486.508048846852034, 302390.50412878440693, 739.309873569915339 ] ] } },
{ "type": "Feature", "properties": { "Layer": "_BoT Ramp", "PaperSpace": null, "SubClasses": "AcDbEntity:AcDbLine", "Linetype": null, "EntityHandle": "1AC", "Text": null }, "geometry": { "type": "LineString", "coordinates": [ [ 2417481.508048846852034, 302392.104128784616478, 736.544994956789424 ], [ 2417486.508048846852034, 302392.104128784616478, 739.324036251362031 ] ] } },
{ "type": "Feature", "properties": { "Layer": "_BoT 52", "PaperSpace": null, "SubClasses": "AcDbEntity:AcDb3dPolyline", "Linetype": null, "EntityHandle": "1AD", "Text": null }, "geometry": { "type": "LineString", "coordinates": [ [ 2417470.885773408226669, 302403.927237795200199, 734.827268236002396 ], [ 2417470.283008309081197, 302403.324472697917372, 734.824694499837392 ], [ 2417469.393278326839209, 302402.434742716082837, 734.820895457329812 ], [ 2417467.979064765851945, 302402.434742716082837, 734.809368547701865 ], [ 2417467.979064765851945, 302403.27268882561475, 734.80611658489579 ], [ 2417467.979064765851945, 302403.927237795200199, 734.803576363180468 ], [ 2417466.158347113057971, 302403.927237795200199, 734.790701249635845 ], [ 2417466.158347113057971, 302406.927237795200199, 734.785141110816198 ], [ 2417478.944287009071559, 302406.927237795200199, 734.870832710088052 ], [ 2417481.559560801833868, 302406.927237795200199, 734.863515559345387 ], [ 2417484.067808934021741, 302406.927237795200199, 734.861051942941231 ], [ 2417488.168332681059837, 302406.927237795200199, 734.870740210357781 ], [ 2417492.11654043989256, 302406.927237795200199, 735.013749025328934 ], [ 2417492.11654043989256, 302403.927237795200199, 735.066816798284776 ], [ 2417488.158200518228114, 302403.927237795200199, 734.924779643530769 ], [ 2417484.054649631958455, 302403.927237795200199, 734.838018540222151 ], [ 2417481.561637269798666, 302403.927237795200199, 734.840467191961693 ], [ 2417478.947439237963408, 302403.927237795200199, 734.852445738046868 ], [ 2417470.885773408226669, 302403.927237795200199, 734.827268236002396 ] ] } },
{ "type": "Feature", "properties": { "Layer": "_BoT 32", "PaperSpace": null, "SubClasses": "AcDbEntity:AcDb3dPolyline", "Linetype": null, "EntityHandle": "1C2", "Text": null }, "geometry": { "type": "LineString", "coordinates": [ [ 2417474.816285904031247, 302415.319820918201003, 736.571336463348189 ], [ 2417475.209127157926559, 302421.659081414924003, 736.662964060505487 ], [ 2417475.209127157926559, 302428.100916789378971, 736.824563127801866 ], [ 2417475.209127157926559, 302445.843958949204534, 737.431250867195104 ], [ 2417475.209127157926559, 302450.896138097683433, 737.604 ], [ 2417481.997049824800342, 302450.896138097683433, 737.682 ], [ 2417481.997049824800342, 302448.896138097625226, 737.609876912638356 ], [ 2417481.997049824800342, 302447.396138097683433, 737.555784597117281 ], [ 2417481.997049824800342, 302445.896138097683433, 737.501692281596092 ], [ 2417481.997049824800342, 302428.209850270824973, 736.863897440577603 ], [ 2417481.997049824800342, 302421.725706955476198, 736.731365948034295 ], [ 2417481.997049824800342, 302415.319888714293484, 736.650750682166176 ], [ 2417474.816285904031247, 302415.319820918201003, 736.571336463348189 ] ] } },
{ "type": "Feature", "properties": { "Layer": "_BoT 32", "PaperSpace": null, "SubClasses": "AcDbEntity:AcDb3dPolyline", "Linetype": null, "EntityHandle": "1D1", "Text": null }, "geometry": { "type": "LineString", "coordinates": [ [ 2417479.001382180023938, 302403.827237795107067, 736.517463373355099 ], [ 2417481.508048846852034, 302403.827237795107067, 736.505751615902454 ], [ 2417481.508048846852034, 302403.318979748990387, 736.501847122045547 ], [ 2417479.001382180023938, 302403.318979748990387, 736.514351929466784 ], [ 2417479.001382180023938, 302403.827237795107067, 736.517463373355099 ] ] } },
{ "type": "Feature", "properties": { "Layer": "_BoT 32", "PaperSpace": null, "SubClasses": "AcDbEntity:AcDb3dPolyline", "Linetype": null, "EntityHandle": "1D7", "Text": null }, "geometry": { "type": "LineString", "coordinates": [ [ 2417481.508048846852034, 302399.121201050002128, 736.471451900642705 ], [ 2417481.508048846852034, 302393.604128784500062, 736.529274072060502 ], [ 2417481.508048846852034, 302392.104128784616478, 736.544994956789424 ], [ 2417481.508048846852034, 302390.604128784500062, 736.560715841518231 ], [ 2417481.508048846852034, 302389.604128784500062, 736.571196431337398 ], [ 2417479.001382180023938, 302389.604128784500062, 736.544617534948088 ], [ 2417479.001382180023938, 302393.617331666871905, 736.521018595703822 ], [ 2417479.001382180023938, 302399.121201050002128, 736.488654052221932 ], [ 2417481.508048846852034, 302399.121201050002128, 736.471451900642705 ] ] } },
{ "type": "Feature", "properties": { "Layer": "_ToT", "PaperSpace": null, "SubClasses": "AcDbEntity:AcDb3dPolyline", "Linetype": null, "EntityHandle": "1E1", "Text": null }, "geometry": { "type": "LineString", "coordinates": [ [ 2417478.901382179930806, 302407.027237795293331, 739.204739325065816 ], [ 2417478.901382179930806, 302408.560833595693111, 739.212462582834064 ], [ 2417474.423586614895612, 302408.560833595693111, 739.17357169573188 ], [ 2417474.423586614895612, 302411.119888714107219, 739.19331745058264 ], [ 2417464.341212355066091, 302411.119888714107219, 739.115632696248667 ], [ 2417464.341212355066091, 302403.321201050188392, 739.116286637451935 ], [ 2417467.879064766224474, 302403.321201050188392, 739.138113239489826 ], [ 2417467.879064766224474, 302403.827237795107067, 739.136149374923434 ], [ 2417466.058347112964839, 302403.827237795107067, 739.123416736456647 ], [ 2417466.058347112964839, 302407.027237795293331, 739.117485921715456 ], [ 2417478.901382179930806, 302407.027237795293331, 739.204739325065816 ] ] } },
{ "type": "Feature", "properties": { "Layer": "_ToT", "PaperSpace": null, "SubClasses": "AcDbEntity:AcDb3dPolyline", "Linetype": null, "EntityHandle": "1EE", "Text": null }, "geometry": { "type": "LineString", "coordinates": [ [ 2417484.016540439799428, 302407.027237795293331, 739.194870510094574 ], [ 2417484.016540439799428, 302411.119888714107219, 739.254186132304426 ], [ 2417482.55776678584516, 302411.119888714107219, 739.256110482094755 ], [ 2417483.509003280196339, 302409.889201006910298, 739.229015867592238 ], [ 2417483.509003280196339, 302408.560833595693111, 739.207150266689041 ], [ 2417481.608048846945167, 302408.560833595693111, 739.209017395568026 ], [ 2417481.608048846945167, 302407.027237795293331, 739.197236145025158 ], [ 2417484.016540439799428, 302407.027237795293331, 739.194870510094574 ] ] } },
{ "type": "Feature", "properties": { "Layer": "_BoT 36", "PaperSpace": null, "SubClasses": "AcDbEntity:AcDb3dPolyline", "Linetype": null, "EntityHandle": "1F7", "Text": null }, "geometry": { "type": "LineString", "coordinates": [ [ 2417488.11654043989256, 302413.09856837062398, 736.290322379441932 ], [ 2417488.11654043989256, 302407.027237795293331, 736.200101350160253 ], [ 2417484.116540438961238, 302407.027237795293331, 736.194772289493471 ], [ 2417484.116540438961238, 302411.219888714200351, 736.256153838354521 ], [ 2417482.358067661058158, 302411.219888714200351, 736.258473537996906 ], [ 2417474.559770610183477, 302411.219888714200351, 736.19551387693582 ], [ 2417464.241212354972959, 302411.219888714200351, 736.115756277255855 ], [ 2417464.241212354972959, 302403.22120105009526, 736.116002124277315 ], [ 2417467.879064766224474, 302403.22120105009526, 736.138501326834671 ], [ 2417467.879064766224474, 302402.334742716513574, 736.141941559443126 ], [ 2417469.434699682984501, 302402.334742716513574, 736.154621160042893 ], [ 2417470.321158017963171, 302403.22120105009526, 736.158406233000846 ], [ 2417479.005423853173852, 302403.22120105009526, 736.18072561356405 ], [ 2417481.51838494092226, 302403.22120105009526, 736.168085823221304 ], [ 2417484.116540438961238, 302403.22120105009526, 736.165533899261732 ], [ 2417484.116540438961238, 302403.827237795107067, 736.170189539769694 ], [ 2417488.11654043989256, 302403.827237795107067, 736.258124374062959 ], [ 2417488.11654043989256, 302401.342521393671632, 736.303177736295424 ], [ 2417489.177200612146407, 302400.281861221883446, 736.35979737086268 ], [ 2417488.11654043989256, 302399.22120105009526, 736.341641930355763 ], [ 2417487.055880267173052, 302398.16054087842349, 736.319999802086613 ], [ 2417485.995220095850527, 302399.22120105009526, 736.266866855314447 ], [ 2417481.508969006128609, 302399.22120105009526, 736.139057763993833 ], [ 2417479.00399719690904, 302399.22120105009526, 736.156248284500407 ], [ 2417462.362532699014992, 302399.22120105009526, 736.114521224576947 ], [ 2417461.301872527226806, 302398.16054087842349, 736.10496440358645 ], [ 2417460.241212354972959, 302399.22120105009526, 736.103193577072602 ], [ 2417459.180552183184773, 302400.281861221883446, 736.097297735101733 ], [ 2417460.241212354972959, 302401.342521393671632, 736.100444418422285 ], [ 2417460.241212354972959, 302413.09856837062398, 736.092788520100385 ], [ 2417459.180552183184773, 302414.159228542412166, 736.085482099705018 ], [ 2417460.241212354972959, 302415.219888714200351, 736.101048297240368 ], [ 2417461.301872527226806, 302416.280548885988537, 736.116614494775945 ], [ 2417462.362532699014992, 302415.219888714200351, 736.123920915161193 ], [ 2417474.824986136052758, 302415.219888714200351, 736.237425272500218 ], [ 2417482.019474412780255, 302415.219888714200351, 736.316959157795054 ], [ 2417485.995220095850527, 302415.219888714200351, 736.337660432387679 ], [ 2417487.055880267173052, 302416.280548885988537, 736.358531106733494 ], [ 2417488.11654043989256, 302415.219888714200351, 736.334862080259882 ], [ 2417489.177200612146407, 302414.159228542412166, 736.314111767532154 ], [ 2417488.11654043989256, 302413.09856837062398, 736.290322379441932 ] ] } },
{ "type": "Feature", "properties": { "Layer": "_ToT", "PaperSpace": null, "SubClasses": "AcDbEntity:AcDb3dPolyline", "Linetype": null, "EntityHandle": "222", "Text": null }, "geometry": { "type": "LineString", "coordinates": [ [ 2417481.608048846945167, 302403.827237795107067, 739.172653395301268 ], [ 2417481.608048846945167, 302403.321201050188392, 739.168765965723082 ], [ 2417484.016540439799428, 302403.321201050188392, 739.166400330792499 ], [ 2417484.016540439799428, 302403.827237795107067, 739.170287760370798 ], [ 2417481.608048846945167, 302403.827237795107067, 739.172653395301268 ] ] } },
{ "type": "Feature", "properties": { "Layer": "_BoT 32", "PaperSpace": null, "SubClasses": "AcDbEntity:AcDb3dPolyline", "Linetype": null, "EntityHandle": "228", "Text": null }, "geometry": { "type": "LineString", "coordinates": [ [ 2417481.508048846852034, 302407.027237795293331, 736.530334365626459 ], [ 2417479.001382180023938, 302407.027237795293331, 736.537053069021454 ], [ 2417479.001382180023938, 302408.660833595786244, 736.545956098962392 ], [ 2417474.523586614057422, 302408.660833595786244, 736.507065211860322 ], [ 2417474.523586614057422, 302411.121271900890861, 736.527217745084158 ], [ 2417482.434698779135942, 302411.115591878071427, 736.589182610677312 ], [ 2417483.409003280103207, 302409.855059317778796, 736.561430936886723 ], [ 2417483.409003280103207, 302408.660833595786244, 736.541016698219551 ], [ 2417481.508048846852034, 302408.660833595786244, 736.542883827098649 ], [ 2417481.508048846852034, 302407.027237795293331, 736.530334365626459 ] ] } },
{ "type": "Feature", "properties": { "Layer": "_ToT", "PaperSpace": null, "SubClasses": "AcDbEntity:AcDb3dPolyline", "Linetype": null, "EntityHandle": "233", "Text": null }, "geometry": { "type": "LineString", "coordinates": [ [ 2417470.421158018056303, 302403.321201050188392, 739.158833221250234 ], [ 2417478.901382179930806, 302403.321201050188392, 739.182051783827774 ], [ 2417478.901382179930806, 302403.827237795107067, 739.185149629399348 ], [ 2417470.927194762974977, 302403.827237795107067, 739.160993938709566 ], [ 2417470.421158018056303, 302403.321201050188392, 739.158833221250234 ] ] } },
{ "type": "Feature", "properties": { "Layer": "_ToT", "PaperSpace": null, "SubClasses": "AcDbEntity:AcDb3dPolyline", "Linetype": null, "EntityHandle": "239", "Text": null }, "geometry": { "type": "LineString", "coordinates": [ [ 2417481.608048846945167, 302393.704128784593195, 739.194116414526889 ], [ 2417486.508048846852034, 302393.704128784593195, 739.338198932808723 ], [ 2417486.508048846852034, 302392.07778627431253, 739.334062262057046 ], [ 2417486.508048846852034, 302390.50412878440693, 739.309873569915339 ], [ 2417481.608048846945167, 302390.50412878440693, 739.23499908225449 ], [ 2417481.608048846945167, 302389.50412878440693, 739.237653648456217 ], [ 2417478.901382179930806, 302389.50412878440693, 739.208954095449258 ], [ 2417478.901382179930806, 302393.773463173827622, 739.169912828336919 ], [ 2417478.901382179930806, 302399.121201050002128, 739.156340308266067 ], [ 2417462.403954055160284, 302399.121201050002128, 739.114903558190349 ], [ 2417461.372583204880357, 302398.089830200187862, 739.105082458682887 ], [ 2417457.483495907858014, 302394.200742903689388, 739.04250872234627 ], [ 2417456.352125057950616, 302395.332113753596786, 739.040619840736099 ], [ 2417455.220754208043218, 302396.463484603504185, 739.038392614173176 ], [ 2417459.10984150506556, 302400.352571900002658, 739.096828508232079 ], [ 2417460.141212354879826, 302401.383942749816924, 739.099888298292171 ], [ 2417460.141212354879826, 302413.05714701442048, 739.091549012374799 ], [ 2417459.10984150506556, 302414.088517864176538, 739.084444353208028 ], [ 2417455.220754208043218, 302417.977605160791427, 739.068021438181404 ], [ 2417456.352125057950616, 302419.108976010698825, 739.074258089137402 ], [ 2417457.483495907858014, 302420.240346860606223, 739.099492945140128 ], [ 2417461.372583204880357, 302416.35125956410775, 739.117652241273049 ], [ 2417462.403954055160284, 302415.319888714293484, 739.12475690043982 ], [ 2417474.716098279226571, 302415.319888714293484, 739.237448855530033 ], [ 2417475.109127157833427, 302421.662176924291998, 739.32903695911773 ], [ 2417475.109127157833427, 302428.100916789378971, 739.491022814882967 ], [ 2417475.109127157833427, 302445.843958949204534, 740.095479434579033 ], [ 2417475.109127157833427, 302450.996138097776566, 740.270999999999844 ], [ 2417482.097049824893475, 302450.996138097776566, 740.349 ], [ 2417482.097049824893475, 302448.996138097718358, 740.277 ], [ 2417486.997049824800342, 302448.996138097718358, 740.277 ], [ 2417486.997049824800342, 302447.396138097683433, 740.223 ], [ 2417486.997049824800342, 302445.796138097590301, 740.169 ], [ 2417482.097049824893475, 302445.796138097590301, 740.169 ], [ 2417482.097049824893475, 302428.209850270824973, 739.531437753496334 ], [ 2417482.097049824893475, 302421.725706955476198, 739.399612816529157 ], [ 2417482.097049824893475, 302415.319888714293484, 739.3190094321169 ], [ 2417485.953798738773912, 302415.319888714293484, 739.339814695246446 ], [ 2417486.985169589985162, 302416.35125956410775, 739.360109041831151 ], [ 2417490.874256887007505, 302420.240346860606223, 739.447383179977123 ], [ 2417492.005627736914903, 302419.108976010698825, 739.430926113905912 ], [ 2417493.136998586822301, 302417.977605160791427, 739.409932291930886 ], [ 2417489.247911288868636, 302414.088517864176538, 739.312799653657521 ], [ 2417488.21654043905437, 302413.05714701442048, 739.289320772104247 ], [ 2417488.21654043905437, 302407.027237795293331, 739.203626280988942 ], [ 2417492.216540439985693, 302407.027237795293331, 739.348681553013307 ], [ 2417492.216540439985693, 302403.827237795107067, 739.405287177502942 ], [ 2417488.21654043905437, 302403.827237795107067, 739.261649304891648 ], [ 2417488.21654043905437, 302401.383942749816924, 739.305951607018301 ], [ 2417489.247911288868636, 302400.352571900002658, 739.361007733545648 ], [ 2417493.136998586822301, 302396.463484603504185, 739.467992963869051 ], [ 2417492.005627736914903, 302395.332113753596786, 739.450677596883793 ], [ 2417490.874256887007505, 302394.200742903689388, 739.41958281561233 ], [ 2417486.985169589985162, 302398.089830200187862, 739.318080699603797 ], [ 2417485.953798738773912, 302399.121201050002128, 739.267220000638986 ], [ 2417481.608048846945167, 302399.121201050002128, 739.13776564459863 ], [ 2417481.608048846945167, 302393.704128784593195, 739.194116414526889 ] ] } },
{ "type": "Feature", "properties": { "Layer": "0", "PaperSpace": null, "SubClasses": "AcDbEntity:AcDbPolyline", "Linetype": "ByBlock", "EntityHandle": "273", "Text": null }, "geometry": { "type": "LineString", "coordinates": [ [ 2417478.94587072217837, 302403.923832202213816, 735.0 ], [ 2417478.952219673898071, 302403.918375771201681, 735.0 ], [ 2417481.318079956807196, 302403.917724785627797, 735.0 ], [ 2417481.556503545027226, 302403.917657881684136, 735.0 ], [ 2417481.563346376176924, 302403.923555293993559, 735.0 ], [ 2417483.963222330901772, 302403.923500883916859, 735.0 ], [ 2417484.053224748000503, 302403.923498843389098, 735.0 ], [ 2417484.062175064813346, 302403.915078585909214, 735.0 ], [ 2417487.914092042017728, 302403.921197987976484, 735.0 ], [ 2417488.155850274022669, 302403.921596316678915, 735.0 ], [ 2417488.159212389029562, 302403.925503356324043, 735.0 ], [ 2417490.254467092920095, 302403.927237795200199, 735.0 ], [ 2417490.771114123053849, 302404.949544420291204, 735.0 ], [ 2417491.736955387052149, 302406.927237795200199, 735.0 ], [ 2417488.169770827982575, 302406.930221021408215, 735.0 ], [ 2417488.163296687882394, 302406.936961247003637, 735.0 ], [ 2417484.487930383067578, 302406.937614414375275, 735.0 ], [ 2417484.072885822039098, 302406.937655875575729, 735.0 ], [ 2417484.066165198106319, 302406.930443929799367, 735.0 ], [ 2417481.636982186231762, 302406.930388874781784, 735.0 ], [ 2417481.561087864916772, 302406.930387154687196, 735.0 ], [ 2417481.555342839099467, 302406.935426114185248, 735.0 ], [ 2417481.350929936859757, 302406.93539324082667, 735.0 ], [ 2417478.948713092133403, 302406.934989908477291, 735.0 ], [ 2417478.943008278962225, 302406.930218184599653, 735.0 ], [ 2417466.777850115206093, 302406.932099297991954, 735.0 ], [ 2417466.153387700207531, 302406.932197208690923, 735.0 ], [ 2417466.153394479770213, 302406.773706158681307, 735.0 ], [ 2417466.153516453225166, 302403.922407135309186, 735.0 ], [ 2417466.241225574165583, 302403.922421289724298, 735.0 ], [ 2417467.9745311178267, 302403.922704146592878, 735.0 ], [ 2417467.974587122909725, 302403.297519549378194, 735.0 ], [ 2417467.974589153192937, 302403.274860045174137, 735.0 ], [ 2417467.964513157960027, 302403.265196526015643, 735.0 ], [ 2417467.9647222221829, 302402.547540847910568, 735.0 ], [ 2417467.964759250171483, 302402.420437199703883, 735.0 ], [ 2417468.185338142793626, 302402.420572035480291, 735.0 ], [ 2417469.398840755224228, 302402.421313827391714, 735.0 ], [ 2417469.517529638018459, 302402.540056454774458, 735.0 ], [ 2417470.288022776134312, 302403.310898484371137, 735.0 ], [ 2417470.288596132770181, 302403.324340367689729, 735.0 ], [ 2417470.867245730943978, 302403.903070595522877, 735.0 ], [ 2417470.887424361892045, 302403.923252038483042, 735.0 ], [ 2417471.203485184814781, 302403.92327413149178, 735.0 ], [ 2417478.94587072217837, 302403.923832202213816, 735.0 ] ] } },
{ "type": "Feature", "properties": { "Layer": "0", "PaperSpace": null, "SubClasses": "AcDbEntity:AcDbPolyline", "Linetype": "ByBlock", "EntityHandle": "274", "Text": null }, "geometry": { "type": "LineString", "coordinates": [ [ 2417482.097049824893475, 302441.134502846980467, 740.0 ], [ 2417482.091936518903822, 302444.896897426689975, 740.0 ], [ 2417482.090713847894222, 302445.802474074414931, 740.0 ], [ 2417486.68025098182261, 302445.802474074414931, 740.0 ], [ 2417486.587320344056934, 302447.273219253285788, 740.0 ], [ 2417486.57901084702462, 302447.396138097683433, 740.0 ], [ 2417486.570357333868742, 302447.524145844974555, 740.0 ], [ 2417486.477763704955578, 302448.985752375388984, 740.0 ], [ 2417482.086664102971554, 302448.985752375388984, 740.0 ], [ 2417482.086375451181084, 302449.198951199883595, 740.0 ], [ 2417482.083963960874826, 302450.983052233525086, 740.0 ], [ 2417475.830110951792449, 302450.985670735826716, 740.0 ], [ 2417475.119288388174027, 302450.985976867901627, 740.0 ], [ 2417475.112959397025406, 302446.037570504588075, 740.0 ], [ 2417475.112710914108902, 302445.843958949204534, 740.0 ], [ 2417475.109127157833427, 302443.041283657192253, 740.0 ] ] } },
{ "type": "Feature", "properties": { "Layer": "0", "PaperSpace": null, "SubClasses": "AcDbEntity:AcDbPolyline", "Linetype": "ByBlock", "EntityHandle": "275", "Text": null }, "geometry": { "type": "LineString", "coordinates": [ [ 2417478.935240625869483, 302403.900751926528756, 736.0 ], [ 2417478.984617494046688, 302403.858316347294021, 736.0 ], [ 2417479.79138888977468, 302403.858094357477967, 736.0 ], [ 2417481.52432380290702, 302403.85760807961924, 736.0 ], [ 2417481.574059575796127, 302403.900472260313109, 736.0 ], [ 2417483.398791676852852, 302403.900430889974814, 736.0 ], [ 2417484.044428159017116, 302403.900416252028663, 736.0 ], [ 2417484.108633670955896, 302403.840013147506397, 736.0 ], [ 2417484.668847171124071, 302403.840903138625436, 736.0 ], [ 2417488.124605481978506, 302403.846596957708243, 736.0 ], [ 2417488.172664469107985, 302403.90244525030721, 736.0 ], [ 2417491.248945731204003, 302403.904991776973475, 736.0 ], [ 2417492.138049937784672, 302403.905728297075257, 736.0 ], [ 2417492.138334290124476, 302404.602847159607336, 736.0 ], [ 2417492.139291680883616, 302406.949989036889747, 736.0 ], [ 2417491.198523378930986, 302406.950776694284286, 736.0 ], [ 2417488.180896842852235, 302406.95330032648053, 736.0 ], [ 2417488.124336437787861, 302407.012185350584332, 736.0 ], [ 2417487.511516729835421, 302407.012294257874601, 736.0 ], [ 2417484.109423845075071, 302407.012634112499654, 736.0 ], [ 2417484.054335331078619, 302406.953518269176129, 736.0 ], [ 2417482.204236465971917, 302406.953476338472683, 736.0 ], [ 2417481.572276413906366, 302406.953462015721016, 736.0 ], [ 2417481.524438486900181, 302406.995420637715142, 736.0 ], [ 2417479.822324447799474, 302406.995146906003356, 736.0 ], [ 2417478.982979369815439, 302406.995005980017595, 736.0 ], [ 2417478.933108474127948, 302406.953292055113707, 736.0 ], [ 2417469.661151819862425, 302406.954725789197255, 736.0 ], [ 2417466.130305510945618, 302406.955279397312552, 736.0 ], [ 2417466.130343846045434, 302406.05913653067546, 736.0 ], [ 2417466.130436238832772, 302403.899326921382453, 736.0 ], [ 2417466.637207209132612, 302403.899408703378867, 736.0 ], [ 2417467.951450144872069, 302403.899623173696455, 736.0 ], [ 2417467.951492609921843, 302403.425589934980962, 736.0 ], [ 2417467.951505109202117, 302403.286058628291357, 736.0 ], [ 2417467.889459760859609, 302403.22655320179183, 736.0 ], [ 2417467.889485193882138, 302403.139248724211939, 736.0 ], [ 2417467.889716457109898, 302402.345394407515414, 736.0 ], [ 2417469.267391359899193, 302402.346236554789357, 736.0 ], [ 2417469.429897632915527, 302402.346335891925264, 736.0 ], [ 2417470.211265874095261, 302403.128057948488276, 736.0 ], [ 2417470.316626939922571, 302403.233466723700985, 736.0 ], [ 2417470.320470910985023, 302403.323585512291174, 736.0 ], [ 2417470.759983023162931, 302403.763158866786398, 736.0 ], [ 2417470.89698227122426, 302403.900177204690408, 736.0 ], [ 2417473.042821331880987, 302403.900327201292384, 736.0 ], [ 2417478.935240625869483, 302403.900751926528756, 736.0 ] ] } },
{ "type": "Feature", "properties": { "Layer": "0", "PaperSpace": null, "SubClasses": "AcDbEntity:AcDbPolyline", "Linetype": "ByBlock", "EntityHandle": "276", "Text": null }, "geometry": { "type": "LineString", "coordinates": [ [ 2417467.879064766224474, 302403.249921387876384, 737.0 ], [ 2417467.928421066142619, 302403.297257211408578, 737.0 ], [ 2417467.928398096933961, 302403.553660320816562, 737.0 ], [ 2417467.928369171917439, 302403.876542200916447, 737.0 ], [ 2417467.033188844099641, 302403.876396116975229, 737.0 ], [ 2417466.107356024906039, 302403.876246707513928, 737.0 ], [ 2417466.107293212786317, 302405.344566902611405, 737.0 ], [ 2417466.107223322149366, 302406.978361585875973, 737.0 ], [ 2417472.544453524053097, 302406.977352280402556, 737.0 ], [ 2417478.923208668828011, 302406.976365925627761, 737.0 ], [ 2417478.984028304927051, 302407.027237795293331, 737.0 ], [ 2417478.98407840076834, 302407.292607812676579, 737.0 ], [ 2417478.984354509972036, 302408.643805926723871, 737.0 ], [ 2417475.321239393204451, 302408.642613174917642, 737.0 ], [ 2417474.50510044908151, 302408.642347430810332, 737.0 ], [ 2417474.505236334167421, 302409.112077077908907, 737.0 ], [ 2417474.505853509996086, 302411.121026618871838, 737.0 ], [ 2417474.523224474862218, 302411.193052862421609, 737.0 ], [ 2417467.166808309964836, 302411.191156751592644, 737.0 ], [ 2417464.270688360091299, 302411.190412709198426, 737.0 ], [ 2417464.270681935828179, 302408.892178560898174, 737.0 ], [ 2417464.270676156040281, 302403.250664851686452, 737.0 ], [ 2417466.855533905792981, 302403.250131902517751, 737.0 ], [ 2417467.879064766224474, 302403.249921387876384, 737.0 ] ] } },
{ "type": "Feature", "properties": { "Layer": "0", "PaperSpace": null, "SubClasses": "AcDbEntity:AcDbPolyline", "Linetype": "ByBlock", "EntityHandle": "277", "Text": null }, "geometry": { "type": "LineString", "coordinates": [ [ 2417481.525582300964743, 302407.296130096714478, 737.0 ], [ 2417481.525659755803645, 302407.027237795293331, 737.0 ], [ 2417481.58346496289596, 302406.976536876696628, 737.0 ], [ 2417482.771490747109056, 302406.976563802105375, 737.0 ], [ 2417484.042505464050919, 302406.976592608494684, 737.0 ], [ 2417484.089700394775718, 302407.027237795293331, 737.0 ], [ 2417484.090220767073333, 302408.104410122614354, 737.0 ], [ 2417484.091729294043034, 302411.195077568409033, 737.0 ], [ 2417483.730038920883089, 302411.195093483722303, 737.0 ], [ 2417482.407467300072312, 302411.195151680381969, 737.0 ], [ 2417482.453656351193786, 302411.116253768908791, 737.0 ], [ 2417483.270461392123252, 302410.060914980480447, 737.0 ], [ 2417483.425443958025426, 302409.860672443115618, 737.0 ], [ 2417483.426078557036817, 302408.870580732822418, 737.0 ], [ 2417483.426218594890088, 302408.643618280417286, 737.0 ], [ 2417483.099180268123746, 302408.643630328122526, 737.0 ], [ 2417481.525194130837917, 302408.643688311800361, 737.0 ], [ 2417481.525582300964743, 302407.296130096714478, 737.0 ] ] } },
{ "type": "Feature", "properties": { "Layer": "0", "PaperSpace": null, "SubClasses": "AcDbEntity:AcDbPolyline", "Linetype": "ByBlock", "EntityHandle": "278", "Text": null }, "geometry": { "type": "LineString", "coordinates": [ [ 2417472.709355659782887, 302403.249034794280306, 737.0 ], [ 2417478.977023514918983, 302403.248498129483778, 737.0 ], [ 2417478.983177430927753, 302403.319384131289553, 737.0 ], [ 2417478.983272943180054, 302403.73559840238886, 737.0 ], [ 2417478.983293971978128, 302403.827237795107067, 737.0 ], [ 2417478.924610530026257, 302403.877671650901902, 737.0 ], [ 2417474.882157478947192, 302403.877380271092989, 737.0 ], [ 2417470.906540180090815, 302403.877102371014189, 737.0 ], [ 2417470.652720314916223, 302403.623247138108127, 737.0 ], [ 2417470.352345687802881, 302403.322830657009035, 737.0 ], [ 2417470.349207151215523, 302403.249250183522236, 737.0 ], [ 2417472.709355659782887, 302403.249034794280306, 737.0 ] ] } },
{ "type": "Feature", "properties": { "Layer": "0", "PaperSpace": null, "SubClasses": "AcDbEntity:AcDbPolyline", "Linetype": "ByBlock", "EntityHandle": "279", "Text": null }, "geometry": { "type": "LineString", "coordinates": [ [ 2417484.088880996219814, 302403.827237795107067, 737.0 ], [ 2417484.035631570033729, 302403.87733366061002, 737.0 ], [ 2417482.834361022803932, 302403.877360895974562, 737.0 ], [ 2417481.584772775880992, 302403.877389226690866, 737.0 ], [ 2417481.526581528130919, 302403.827237795107067, 737.0 ], [ 2417481.526608581189066, 302403.733318720478565, 737.0 ], [ 2417481.526727814227343, 302403.319394665071741, 737.0 ], [ 2417481.543243531137705, 302403.248925237217918, 737.0 ], [ 2417482.211524692829698, 302403.248947111307643, 737.0 ], [ 2417484.08873293409124, 302403.249008555721957, 737.0 ], [ 2417484.088845110032707, 302403.687089249724522, 737.0 ], [ 2417484.088880996219814, 302403.827237795107067, 737.0 ] ] } },
{ "type": "Feature", "properties": { "Layer": "0", "PaperSpace": null, "SubClasses": "AcDbEntity:AcDbPolyline", "Linetype": "ByBlock", "EntityHandle": "27A", "Text": null }, "geometry": { "type": "LineString", "coordinates": [ [ 2417485.986081656999886, 302415.241950857278425, 737.0 ], [ 2417485.12919856980443, 302415.242104817298241, 737.0 ], [ 2417482.037124741822481, 302415.242641192686278, 737.0 ], [ 2417482.010138859972358, 302415.319888714293484, 737.0 ], [ 2417482.009755056817085, 302416.133762797981035, 737.0 ], [ 2417482.007117636036128, 302421.725706955476198, 737.0 ], [ 2417482.006643651984632, 302422.347784463898279, 737.0 ], [ 2417482.002152, 302428.209850270824973, 737.0 ], [ 2417482.00116777792573, 302428.934045281726867, 737.0 ], [ 2417481.997049824800342, 302431.984024793899152, 737.0 ], [ 2417480.368693310767412, 302432.440101136802696, 737.0 ], [ 2417475.209127157926559, 302433.231700910604559, 737.0 ], [ 2417475.202547763939947, 302428.100916789378971, 737.0 ], [ 2417475.202122218906879, 302427.649886968778446, 737.0 ], [ 2417475.196485495194793, 302421.659472738683689, 737.0 ], [ 2417474.861805846914649, 302416.305691849614959, 737.0 ], [ 2417474.800177513156086, 302415.31983181857504, 737.0 ], [ 2417474.797307977918535, 302415.245307672012132, 737.0 ], [ 2417465.838557527866215, 302415.248026540502906, 737.0 ], [ 2417462.374625456985086, 302415.249083215021528, 737.0 ], [ 2417461.625515067018569, 302415.998436819179915, 737.0 ], [ 2417461.322686923202127, 302416.301363282022066, 737.0 ], [ 2417460.171052543912083, 302417.453251090482809, 737.0 ], [ 2417459.823487782850862, 302417.125340168189723, 737.0 ], [ 2417459.065344558097422, 302416.39575651101768, 737.0 ], [ 2417458.315098484046757, 302415.673772515496239, 737.0 ], [ 2417457.966383410152048, 302415.330034145095851, 737.0 ], [ 2417459.158989331219345, 302414.137665689806454, 737.0 ], [ 2417459.472808126825839, 302413.823948818317149, 737.0 ], [ 2417460.210959473159164, 302413.086037216475233, 737.0 ], [ 2417460.211043369956315, 302409.564384728728328, 737.0 ], [ 2417460.211221610195935, 302401.354943967191502, 737.0 ], [ 2417459.469366156961769, 302400.613192274409812, 737.0 ], [ 2417459.159271957818419, 302400.303141446784139, 737.0 ], [ 2417457.965182142797858, 302399.109897254907992, 737.0 ], [ 2417458.313087638001889, 302398.763798267871607, 737.0 ], [ 2417459.053860519081354, 302398.033849214320071, 737.0 ], [ 2417459.792771656066179, 302397.298197523399722, 737.0 ], [ 2417460.138457571156323, 302396.954036479699425, 737.0 ], [ 2417461.322967888787389, 302398.139445517095737, 737.0 ], [ 2417461.629587523173541, 302398.446202815510333, 737.0 ], [ 2417462.374757051933557, 302399.191688852093648, 737.0 ], [ 2417467.177020274102688, 302399.192090877797455, 737.0 ], [ 2417478.975137549918145, 302399.193076855619438, 737.0 ], [ 2417478.982214035000652, 302399.121201050002128, 737.0 ], [ 2417478.982311063911766, 302398.101327803509776, 737.0 ], [ 2417478.983299864921719, 302393.645563858095556, 737.0 ], [ 2417478.983562503010035, 302392.884372229105793, 737.0 ], [ 2417478.984290401916951, 302389.587037007499021, 737.0 ], [ 2417479.44215989112854, 302389.587219153705519, 737.0 ], [ 2417481.524130243808031, 302389.588047387602273, 737.0 ], [ 2417481.524146270006895, 302389.749005587480497, 737.0 ], [ 2417481.524475086014718, 302390.587702545395587, 737.0 ], [ 2417482.306992018129677, 302390.588149921095464, 737.0 ], [ 2417482.300023761112243, 302390.837548737181351, 737.0 ], [ 2417482.323742758017033, 302392.099831299507059, 737.0 ], [ 2417482.326685556210577, 302392.104128784616478, 737.0 ], [ 2417482.350206243805587, 302393.351481565681752, 737.0 ], [ 2417482.345960061065853, 302393.620887008786667, 737.0 ], [ 2417481.525713154114783, 302393.621793091413565, 737.0 ], [ 2417481.527461745776236, 302398.069590307888575, 737.0 ], [ 2417481.527872025035322, 302399.121201050002128, 737.0 ], [ 2417481.537415264174342, 302399.192490609828383, 737.0 ], [ 2417484.874880826100707, 302399.19566433847649, 737.0 ], [ 2417485.98509883088991, 302399.196766155015212, 737.0 ], [ 2417486.801601453218609, 302398.382190114818513, 737.0 ], [ 2417487.039842248894274, 302398.144502860377543, 737.0 ], [ 2417487.893572578206658, 302397.291822926723398, 737.0 ], [ 2417488.130992264952511, 302397.546191165398341, 737.0 ], [ 2417488.940079400781542, 302398.397662088274956, 737.0 ], [ 2417489.76304229721427, 302399.256638272083364, 737.0 ], [ 2417489.9928098609671, 302399.49538087437395, 737.0 ], [ 2417489.192284246906638, 302400.296944856992923, 737.0 ], [ 2417488.968448075931519, 302400.521344777371269, 737.0 ], [ 2417488.13974639121443, 302401.352133613720071, 737.0 ], [ 2417488.140881570987403, 302403.232512142276391, 737.0 ], [ 2417488.141240605153143, 302403.827237795107067, 737.0 ], [ 2417488.186116550117731, 302403.879387144406792, 737.0 ], [ 2417490.319230421911925, 302403.881152922986075, 737.0 ], [ 2417492.16109953681007, 302403.882678698690142, 737.0 ], [ 2417492.161688601132482, 302405.326830792415421, 737.0 ], [ 2417492.162360091228038, 302406.9730574467103, 737.0 ], [ 2417490.267708521801978, 302406.974643741908949, 737.0 ], [ 2417488.192022859118879, 302406.976379631785676, 737.0 ], [ 2417488.143172435928136, 302407.027237795293331, 737.0 ], [ 2417488.142433668021113, 302408.588575979578309, 737.0 ], [ 2417488.140204261057079, 302413.088766494882293, 737.0 ], [ 2417488.9557353281416, 302413.905160760914441, 737.0 ], [ 2417489.193374226801097, 302414.143054927815683, 737.0 ], [ 2417490.054505615029484, 302415.005201223597396, 737.0 ], [ 2417489.799626160878688, 302415.248473253508564, 737.0 ], [ 2417488.952046231832355, 302416.055394506722223, 737.0 ], [ 2417488.089311523828655, 302416.871081032091752, 737.0 ], [ 2417487.848851171787828, 302417.102889083616901, 737.0 ], [ 2417487.040768648963422, 302416.29566050437279, 737.0 ], [ 2417486.818750522099435, 302416.073848114698194, 737.0 ], [ 2417485.986081656999886, 302415.241950857278425, 737.0 ] ] } },
{ "type": "Feature", "properties": { "Layer": "0", "PaperSpace": null, "SubClasses": "AcDbEntity:AcDbPolyline", "Linetype": "ByBlock", "EntityHandle": "27B", "Text": null }, "geometry": { "type": "LineString", "coordinates": [ [ 2417467.879064766224474, 302403.283259033982176, 738.0 ], [ 2417467.905337022151798, 302403.308455794525798, 738.0 ], [ 2417467.905303583014756, 302403.681730706477538, 738.0 ], [ 2417467.905288198962808, 302403.853461228078231, 738.0 ], [ 2417467.42917047906667, 302403.853383530688006, 738.0 ], [ 2417466.084275810979307, 302403.853166493703611, 738.0 ], [ 2417466.084242579992861, 302404.629997274605557, 738.0 ], [ 2417466.084141133818775, 302407.001443774497602, 738.0 ], [ 2417475.427755230106413, 302406.999978771607857, 738.0 ], [ 2417478.913308863993734, 302406.999439796083607, 738.0 ], [ 2417478.946542637888342, 302407.027237795293331, 738.0 ], [ 2417478.94670094596222, 302407.865826900291722, 738.0 ], [ 2417478.946852257940918, 302408.606303673877846, 738.0 ], [ 2417476.939410390798002, 302408.605650028097443, 738.0 ], [ 2417474.46759819611907, 302408.604845178022515, 738.0 ], [ 2417474.468009748961776, 302410.027499346411787, 738.0 ], [ 2417474.468345534987748, 302411.120507813524455, 738.0 ], [ 2417474.477796549908817, 302411.159695106383879, 738.0 ], [ 2417470.475393806118518, 302411.158663490088657, 738.0 ], [ 2417464.304023067001253, 302411.15707800257951, 738.0 ], [ 2417464.304009377025068, 302406.259748051699717, 738.0 ], [ 2417464.304006328806281, 302403.283995024103206, 738.0 ], [ 2417465.667452147230506, 302403.283713907178026, 738.0 ], [ 2417467.879064766224474, 302403.283259033982176, 738.0 ] ] } },
{ "type": "Feature", "properties": { "Layer": "0", "PaperSpace": null, "SubClasses": "AcDbEntity:AcDbPolyline", "Linetype": "ByBlock", "EntityHandle": "27C", "Text": null }, "geometry": { "type": "LineString", "coordinates": [ [ 2417481.562914078123868, 302407.868648675095756, 738.0 ], [ 2417481.563156450167298, 302407.027237795293331, 738.0 ], [ 2417481.594653511885554, 302406.99961173767224, 738.0 ], [ 2417483.338745027780533, 302406.999651265796274, 738.0 ], [ 2417484.030675597954541, 302406.999666947696824, 738.0 ], [ 2417484.056368153076619, 302407.027237795293331, 738.0 ], [ 2417484.057534767780453, 302409.44213399029104, 738.0 ], [ 2417484.058374083135277, 302411.161722357326653, 738.0 ], [ 2417483.210440192837268, 302411.161759668611921, 738.0 ], [ 2417482.474086150992662, 302411.161792070197407, 738.0 ], [ 2417482.499802333768457, 302411.117864924599417, 738.0 ], [ 2417482.954566133208573, 302410.530295244418085, 738.0 ], [ 2417483.462931049987674, 302409.873471169383265, 738.0 ], [ 2417483.463280948810279, 302409.327562797814608, 738.0 ], [ 2417483.463726093992591, 302408.606110782187898, 738.0 ], [ 2417482.424160041846335, 302408.606149078521412, 738.0 ], [ 2417481.56270162994042, 302408.606180813512765, 738.0 ], [ 2417481.562914078123868, 302407.868648675095756, 738.0 ] ] } },
{ "type": "Feature", "properties": { "Layer": "0", "PaperSpace": null, "SubClasses": "AcDbEntity:AcDbPolyline", "Linetype": "ByBlock", "EntityHandle": "27D", "Text": null }, "geometry": { "type": "LineString", "coordinates": [ [ 2417475.547063988167793, 302403.282107453909703, 738.0 ], [ 2417478.942358281929046, 302403.281816734117456, 738.0 ], [ 2417478.94569195387885, 302403.320216796710156, 738.0 ], [ 2417478.945743694901466, 302403.54568661598023, 738.0 ], [ 2417478.945808304939419, 302403.827237795107067, 738.0 ], [ 2417478.913980434183031, 302403.854591375216842, 738.0 ], [ 2417476.721493626944721, 302403.854433340893593, 738.0 ], [ 2417470.916098088957369, 302403.854027537221555, 738.0 ], [ 2417470.545457607135177, 302403.483335409371648, 738.0 ], [ 2417470.384220466017723, 302403.322075801610481, 738.0 ], [ 2417470.382535741198808, 302403.282578773214482, 738.0 ], [ 2417475.547063988167793, 302403.282107453909703, 738.0 ] ] } },
{ "type": "Feature", "properties": { "Layer": "0", "PaperSpace": null, "SubClasses": "AcDbEntity:AcDbPolyline", "Linetype": "ByBlock", "EntityHandle": "27E", "Text": null }, "geometry": { "type": "LineString", "coordinates": [ [ 2417484.055548754055053, 302403.827237795107067, 738.0 ], [ 2417484.02683498011902, 302403.854251069307793, 738.0 ], [ 2417482.269930370151997, 302403.854290901916102, 738.0 ], [ 2417481.595485975965858, 302403.854306193010416, 738.0 ], [ 2417481.564078222028911, 302403.827237795107067, 738.0 ], [ 2417481.56416001310572, 302403.543294680712279, 738.0 ], [ 2417481.564224267844111, 302403.320227574324235, 738.0 ], [ 2417481.573124723974615, 302403.282251015189104, 738.0 ], [ 2417483.044711302965879, 302403.282299182901625, 738.0 ], [ 2417484.055409225169569, 302403.282332264818251, 738.0 ], [ 2417484.055469620972872, 302403.518197012017481, 738.0 ], [ 2417484.055548754055053, 302403.827237795107067, 738.0 ] ] } },
{ "type": "Feature", "properties": { "Layer": "0", "PaperSpace": null, "SubClasses": "AcDbEntity:AcDbPolyline", "Linetype": "ByBlock", "EntityHandle": "27F", "Text": null }, "geometry": { "type": "LineString", "coordinates": [ [ 2417485.972284445073456, 302415.275260271504521, 738.0 ], [ 2417483.821679634042084, 302415.275646680383943, 738.0 ], [ 2417482.062965551856905, 302415.275951760704629, 738.0 ], [ 2417482.047616485040635, 302415.319888714293484, 738.0 ], [ 2417482.046133745927364, 302418.464115477807354, 738.0 ], [ 2417482.044595427811146, 302421.725706955476198, 738.0 ], [ 2417482.042357021942735, 302424.663490547914989, 738.0 ], [ 2417482.039639717899263, 302428.209850270824973, 738.0 ], [ 2417482.031424025073647, 302434.25499599671457, 738.0 ], [ 2417482.01573187392205, 302445.87745604920201, 738.0 ], [ 2417482.931152244098485, 302445.87745604920201, 738.0 ], [ 2417482.912616475019604, 302446.170808092691004, 738.0 ], [ 2417482.829782349057496, 302447.396138097683433, 738.0 ], [ 2417482.743518847972155, 302448.672197390871588, 738.0 ], [ 2417482.728405436966568, 302448.910765209875535, 738.0 ], [ 2417482.011676936876029, 302448.910765209875535, 738.0 ], [ 2417482.009304159786552, 302450.663305727706756, 738.0 ], [ 2417482.008973334915936, 302450.908061607216951, 738.0 ], [ 2417481.151024561841041, 302450.908420832303818, 738.0 ], [ 2417475.194279014132917, 302450.910986241593491, 738.0 ], [ 2417475.193232987076044, 302450.093136108189356, 738.0 ], [ 2417475.187779548112303, 302445.843958949204534, 738.0 ], [ 2417475.181514920201153, 302440.944707916583866, 738.0 ], [ 2417475.16504485392943, 302428.100916789378971, 738.0 ], [ 2417475.162193671800196, 302425.078991723479703, 738.0 ], [ 2417475.158977143932134, 302421.660633813298773, 738.0 ], [ 2417474.967996222898364, 302418.605563070508651, 738.0 ], [ 2417474.762599342968315, 302415.319857247406617, 738.0 ], [ 2417474.761012310162187, 302415.278640743286815, 738.0 ], [ 2417469.80626419885084, 302415.280144447286148, 738.0 ], [ 2417462.38842872902751, 302415.282407262187917, 738.0 ], [ 2417461.991881208959967, 302415.679083529976197, 738.0 ], [ 2417461.34624899784103, 302416.324925357475877, 738.0 ], [ 2417458.890954583883286, 302418.780760085675865, 738.0 ], [ 2417458.14994351984933, 302418.08165117551107, 738.0 ], [ 2417457.757301208097488, 302417.703799861017615, 738.0 ], [ 2417457.36874882876873, 302417.329884410719387, 738.0 ], [ 2417456.638723478186876, 302416.610277650586795, 738.0 ], [ 2417459.135410948190838, 302414.114087307709269, 738.0 ], [ 2417459.792381909210235, 302413.457329724275041, 738.0 ], [ 2417460.177612361963838, 302413.072224390809424, 738.0 ], [ 2417460.177788737230003, 302405.668728952296078, 738.0 ], [ 2417460.17788209579885, 302401.368753645918332, 738.0 ], [ 2417459.78930993610993, 302400.980235833791085, 738.0 ], [ 2417459.13569804513827, 302400.326715359988157, 738.0 ], [ 2417456.618813482113183, 302397.811613188881893, 738.0 ], [ 2417457.352123454213142, 302397.082110946299508, 738.0 ], [ 2417457.729882672894746, 302396.709871368482709, 738.0 ], [ 2417458.106692491099238, 302396.334723714797292, 738.0 ], [ 2417458.83860429096967, 302395.606040485377889, 738.0 ], [ 2417461.346537187229842, 302398.115876218595076, 738.0 ], [ 2417461.995734966825694, 302398.7653654703754, 738.0 ], [ 2417462.38856241106987, 302399.158359766297508, 738.0 ], [ 2417472.614177785813808, 302399.159215812804177, 738.0 ], [ 2417478.940933594014496, 302399.159744544595014, 738.0 ], [ 2417478.944728367961943, 302399.121201050002128, 738.0 ], [ 2417478.945015150122344, 302396.106840018881485, 738.0 ], [ 2417478.94554826291278, 302393.704506002715789, 738.0 ], [ 2417478.946359230205417, 302391.3541261042119, 738.0 ], [ 2417478.946757607161999, 302389.54950421169633, 738.0 ], [ 2417480.410088486969471, 302389.550086343020666, 738.0 ], [ 2417481.561633190140128, 302389.550544442026876, 738.0 ], [ 2417481.561686587985605, 302390.086868454120122, 738.0 ], [ 2417481.561868282966316, 302390.550309348385781, 738.0 ], [ 2417484.1257308810018, 302390.551775143772829, 738.0 ], [ 2417484.1028998689726, 302391.368913113081362, 738.0 ], [ 2417484.116456755902618, 302392.090386382071301, 738.0 ], [ 2417484.125867168884724, 302392.104128784616478, 738.0 ], [ 2417484.139267236925662, 302392.814763267815579, 738.0 ], [ 2417484.12600055616349, 302393.656487818807364, 738.0 ], [ 2417481.563238826114684, 302393.659318763471674, 738.0 ], [ 2417481.564190472010523, 302396.079968656820711, 738.0 ], [ 2417481.565376988146454, 302399.121201050002128, 738.0 ], [ 2417481.570456109009683, 302399.159142913413234, 738.0 ], [ 2417483.346728296019137, 302399.160832041176036, 738.0 ], [ 2417485.971293337177485, 302399.1634367450024, 738.0 ], [ 2417486.427662129048258, 302398.708144779608119, 738.0 ], [ 2417487.016256935894489, 302398.120917546795681, 738.0 ], [ 2417489.12547267600894, 302396.014296899025794, 738.0 ], [ 2417489.712038861121982, 302396.642735968111083, 738.0 ], [ 2417490.190977659076452, 302397.146763831085991, 738.0 ], [ 2417490.678130207117647, 302397.655234430276323, 738.0 ], [ 2417491.266795958857983, 302398.266894280095585, 738.0 ], [ 2417489.215844966936857, 302400.320505577372387, 738.0 ], [ 2417488.642375476192683, 302400.895419397973455, 738.0 ], [ 2417488.173048932105303, 302401.365927977894899, 738.0 ], [ 2417488.173691829200834, 302402.430860716907773, 738.0 ], [ 2417488.174534818157554, 302403.827237795107067, 738.0 ], [ 2417488.199568631127477, 302403.856329038506374, 738.0 ], [ 2417489.389515113085508, 302403.85731406888226, 738.0 ], [ 2417492.184149134904146, 302403.859629100305028, 738.0 ], [ 2417492.185042912140489, 302406.050814425107092, 738.0 ], [ 2417492.185428501106799, 302406.996125856472645, 738.0 ], [ 2417489.336893664207309, 302406.998510789475404, 738.0 ], [ 2417488.203148874919862, 302406.999458936974406, 738.0 ], [ 2417488.176466648932546, 302407.027237795293331, 738.0 ], [ 2417488.174804305192083, 302410.540495994209778, 738.0 ], [ 2417488.173548726830631, 302413.074954764917493, 738.0 ], [ 2417488.632847028784454, 302413.53473921190016, 738.0 ], [ 2417489.216954764910042, 302414.119474388309754, 738.0 ], [ 2417491.3335842769593, 302416.238598504976835, 738.0 ], [ 2417490.707099886145443, 302416.836552272026893, 738.0 ], [ 2417490.208185398951173, 302417.311533673782833, 738.0 ], [ 2417489.700350292026997, 302417.791674614010844, 738.0 ], [ 2417489.085030999034643, 302418.384853347612079, 738.0 ], [ 2417487.017210814170539, 302416.319218339573126, 738.0 ], [ 2417486.449083733838052, 302415.751617725298274, 738.0 ], [ 2417485.972284445073456, 302415.275260271504521, 738.0 ] ] } },
{ "type": "Feature", "properties": { "Layer": "0", "PaperSpace": null, "SubClasses": "AcDbEntity:AcDbPolyline", "Linetype": "ByBlock", "EntityHandle": "280", "Text": null }, "geometry": { "type": "LineString", "coordinates": [ [ 2417467.879064766224474, 302403.316596679971553, 739.0 ], [ 2417467.882252978160977, 302403.319654377584811, 739.0 ], [ 2417467.882209070026875, 302403.809801092196722, 739.0 ], [ 2417467.882207226008177, 302403.830380255181808, 739.0 ], [ 2417467.825152114033699, 302403.830370944400784, 739.0 ], [ 2417466.061195597052574, 302403.830086279776879, 739.0 ], [ 2417466.06119194580242, 302403.915427646483295, 739.0 ], [ 2417466.061058945022523, 302407.024525963119231, 739.0 ], [ 2417478.311056935228407, 302407.022605262813158, 739.0 ], [ 2417478.90340906009078, 302407.022513666597661, 739.0 ], [ 2417478.909056970849633, 302407.027237795293331, 739.0 ], [ 2417478.909323491156101, 302408.43904598779045, 739.0 ], [ 2417478.909350004978478, 302408.568801421206445, 739.0 ], [ 2417478.557581389788538, 302408.56868688139366, 739.0 ], [ 2417474.430095944087952, 302408.567342925292905, 739.0 ], [ 2417474.43078316282481, 302410.942921614914667, 739.0 ], [ 2417474.430837560910732, 302411.119989008177072, 739.0 ], [ 2417474.432368624955416, 302411.126337350404356, 739.0 ], [ 2417473.783979300875217, 302411.12617022858467, 739.0 ], [ 2417464.337357772979885, 302411.123743296018802, 739.0 ], [ 2417464.337336819153279, 302403.62731754250126, 739.0 ], [ 2417464.33733650110662, 302403.31732519651996, 739.0 ], [ 2417464.479370386805385, 302403.317295911780093, 739.0 ], [ 2417467.879064766224474, 302403.316596679971553, 739.0 ] ] } },
{ "type": "Feature", "properties": { "Layer": "0", "PaperSpace": null, "SubClasses": "AcDbEntity:AcDbPolyline", "Linetype": "ByBlock", "EntityHandle": "281", "Text": null }, "geometry": { "type": "LineString", "coordinates": [ [ 2417481.600245856214315, 302408.441167253593449, 739.0 ], [ 2417481.600653144065291, 302407.027237795293331, 739.0 ], [ 2417481.605842060875148, 302407.022686598706059, 739.0 ], [ 2417483.905999308917671, 302407.022738729487173, 739.0 ], [ 2417484.018845731858164, 302407.022741287073586, 739.0 ], [ 2417484.023035910911858, 302407.027237795293331, 739.0 ], [ 2417484.024848768021911, 302410.779857858025935, 739.0 ], [ 2417484.02501887222752, 302411.128367146127857, 739.0 ], [ 2417482.690841466188431, 302411.12842585350154, 739.0 ], [ 2417482.540705, 302411.12843245989643, 739.0 ], [ 2417482.545948315877467, 302411.119476080173627, 739.0 ], [ 2417482.63867087289691, 302410.999675508413929, 739.0 ], [ 2417483.500418141018599, 302409.886269895476289, 739.0 ], [ 2417483.500483341980726, 302409.784544862806797, 739.0 ], [ 2417483.501233592163771, 302408.568603284016717, 739.0 ], [ 2417481.749139816965908, 302408.568667828920297, 739.0 ], [ 2417481.600209127180278, 302408.568673315283377, 739.0 ], [ 2417481.600245856214315, 302408.441167253593449, 739.0 ] ] } },
{ "type": "Feature", "properties": { "Layer": "0", "PaperSpace": null, "SubClasses": "AcDbEntity:AcDbPolyline", "Linetype": "ByBlock", "EntityHandle": "282", "Text": null }, "geometry": { "type": "LineString", "coordinates": [ [ 2417478.38477231701836, 302403.315180113480892, 739.0 ], [ 2417478.907693048007786, 302403.315135338809341, 739.0 ], [ 2417478.90820647822693, 302403.321049462014344, 739.0 ], [ 2417478.90821444708854, 302403.355774829688016, 739.0 ], [ 2417478.90832263790071, 302403.827237795107067, 739.0 ], [ 2417478.903350337874144, 302403.831511099589989, 739.0 ], [ 2417478.560829774010926, 302403.831486410810612, 739.0 ], [ 2417470.925655996892601, 302403.830952703487128, 739.0 ], [ 2417470.438194898888469, 302403.343423680809792, 739.0 ], [ 2417470.416095244232565, 302403.321320946328342, 739.0 ], [ 2417470.415864329785109, 302403.315907363023143, 739.0 ], [ 2417478.38477231701836, 302403.315180113480892, 739.0 ] ] } },
{ "type": "Feature", "properties": { "Layer": "0", "PaperSpace": null, "SubClasses": "AcDbEntity:AcDbPolyline", "Linetype": "ByBlock", "EntityHandle": "283", "Text": null }, "geometry": { "type": "LineString", "coordinates": [ [ 2417484.022216512821615, 302403.827237795107067, 739.0 ], [ 2417484.018038391135633, 302403.83116847788915, 739.0 ], [ 2417481.705499716103077, 302403.831220907915849, 739.0 ], [ 2417481.606199176982045, 302403.831223159271758, 739.0 ], [ 2417481.601574915926903, 302403.827237795107067, 739.0 ], [ 2417481.601711444091052, 302403.35327064077137, 739.0 ], [ 2417481.60172072192654, 302403.321060483518522, 739.0 ], [ 2417481.60300591820851, 302403.315576793102082, 739.0 ], [ 2417483.877897912170738, 302403.315651254379191, 739.0 ], [ 2417484.022085515782237, 302403.315655973972753, 739.0 ], [ 2417484.022094132844359, 302403.349304774485063, 739.0 ], [ 2417484.022216512821615, 302403.827237795107067, 739.0 ] ] } },
{ "type": "Feature", "properties": { "Layer": "0", "PaperSpace": null, "SubClasses": "AcDbEntity:AcDbPolyline", "Linetype": "ByBlock", "EntityHandle": "284", "Text": null }, "geometry": { "type": "LineString", "coordinates": [ [ 2417485.95848723500967, 302415.308569685788825, 739.0 ], [ 2417482.514160697814077, 302415.30918854358606, 739.0 ], [ 2417482.088806362822652, 302415.309262328897603, 739.0 ], [ 2417482.085094109177589, 302415.319888714293484, 739.0 ], [ 2417482.082512435037643, 302420.794468157575466, 739.0 ], [ 2417482.082073219120502, 302421.725706955476198, 739.0 ], [ 2417482.078070391900837, 302426.979196631815284, 739.0 ], [ 2417482.077127437107265, 302428.209850270824973, 739.0 ], [ 2417482.061680272221565, 302439.575946711702272, 739.0 ], [ 2417482.053222861140966, 302445.839965061808471, 739.0 ], [ 2417484.805701612960547, 302445.839965061808471, 739.0 ], [ 2417484.74996841000393, 302446.722013672988396, 739.0 ], [ 2417484.70439659897238, 302447.396138097683433, 739.0 ], [ 2417484.656938090920448, 302448.098171618010383, 739.0 ], [ 2417484.603084572125226, 302448.948258792574052, 739.0 ], [ 2417482.049170520156622, 302448.948258792574052, 739.0 ], [ 2417482.047839805949479, 302449.93112846382428, 739.0 ], [ 2417482.046468648128211, 302450.945556920312811, 739.0 ], [ 2417478.490567756816745, 302450.947045784094371, 739.0 ], [ 2417475.156783700920641, 302450.948481554805767, 739.0 ], [ 2417475.153096192050725, 302448.065353306417819, 739.0 ], [ 2417475.15024523017928, 302445.843958949204534, 739.0 ], [ 2417475.132965856231749, 302432.330627032613847, 739.0 ], [ 2417475.127541942987591, 302428.100916789378971, 739.0 ], [ 2417475.122265126090497, 302422.508096478122752, 739.0 ], [ 2417475.121468792203814, 302421.661794887913857, 739.0 ], [ 2417475.074186599813402, 302420.905434291402344, 739.0 ], [ 2417474.725021171849221, 302415.319882676179986, 739.0 ], [ 2417474.724716642871499, 302415.311973814677913, 739.0 ], [ 2417473.77397087123245, 302415.312262354011182, 739.0 ], [ 2417462.402232002001256, 302415.315731309412513, 739.0 ], [ 2417462.358247350901365, 302415.359730240772478, 739.0 ], [ 2417461.369811073876917, 302416.34848743310431, 739.0 ], [ 2417457.610856623854488, 302420.108269080985337, 739.0 ], [ 2417456.476399256847799, 302419.037962182716001, 739.0 ], [ 2417456.449257858097553, 302419.011843211075757, 739.0 ], [ 2417456.422399174887687, 302418.985996306000743, 739.0 ], [ 2417455.311063546221703, 302417.890521156310569, 739.0 ], [ 2417459.111832566093653, 302414.090508925495669, 739.0 ], [ 2417460.111955691128969, 302413.090710630407557, 739.0 ], [ 2417460.144265250768512, 302413.0584115650272, 739.0 ], [ 2417460.14453410403803, 302401.773073176096659, 739.0 ], [ 2417460.144542582798749, 302401.382563324528746, 739.0 ], [ 2417460.109253716189414, 302401.347279393288773, 739.0 ], [ 2417459.112124131992459, 302400.350289273192175, 739.0 ], [ 2417455.272444820031524, 302396.513329122681171, 739.0 ], [ 2417456.391159269958735, 302395.400423624785617, 739.0 ], [ 2417456.405904828105122, 302395.38589352281997, 739.0 ], [ 2417456.420613325200975, 302395.371249906194862, 739.0 ], [ 2417457.538751009851694, 302394.258044491114561, 739.0 ], [ 2417461.370106485206634, 302398.092306919978, 739.0 ], [ 2417462.361882410943508, 302399.084528125298675, 739.0 ], [ 2417462.402367770206183, 302399.125030680617783, 739.0 ], [ 2417478.051335298921913, 302399.126340747927316, 739.0 ], [ 2417478.906729638110846, 302399.126412233803421, 739.0 ], [ 2417478.907242700923234, 302399.121201050002128, 739.0 ], [ 2417478.907719234935939, 302394.112352234311402, 739.0 ], [ 2417478.907796660903841, 302393.763448147277813, 739.0 ], [ 2417478.909155956935138, 302389.823879979318008, 739.0 ], [ 2417478.909224811010063, 302389.511971415777225, 739.0 ], [ 2417481.378017084207386, 302389.512953532394022, 739.0 ], [ 2417481.599136135075241, 302389.513041496276855, 739.0 ], [ 2417481.599226906895638, 302390.424731320817955, 739.0 ], [ 2417481.599261479917914, 302390.512916151375975, 739.0 ], [ 2417485.944469742942601, 302390.515400366508402, 739.0 ], [ 2417485.905775975901634, 302391.900277488923166, 739.0 ], [ 2417485.909170753788203, 302392.080941464693751, 739.0 ], [ 2417485.925048782024533, 302392.104128784616478, 739.0 ], [ 2417485.928328229114413, 302392.278044969774783, 739.0 ], [ 2417485.90604105219245, 302393.692088628711645, 739.0 ], [ 2417481.600764499045908, 302393.696844435704406, 739.0 ], [ 2417481.600919197779149, 302394.090347005694639, 739.0 ], [ 2417481.602881950791925, 302399.121201050002128, 739.0 ], [ 2417481.603496953845024, 302399.12579521688167, 739.0 ], [ 2417481.818575765006244, 302399.125999743875582, 739.0 ], [ 2417485.957487843930721, 302399.130107334989589, 739.0 ], [ 2417486.05372280580923, 302399.03409944428131, 739.0 ], [ 2417486.992671622894704, 302398.09733223321382, 739.0 ], [ 2417490.357372775208205, 302394.73677087132819, 739.0 ], [ 2417491.29308545589447, 302395.739280770823825, 739.0 ], [ 2417491.441875915974379, 302395.895865574013442, 739.0 ], [ 2417491.593218117021024, 302396.053830588585697, 739.0 ], [ 2417492.540782057214528, 302397.038407685817219, 739.0 ], [ 2417489.239405686967075, 302400.344066297810059, 739.0 ], [ 2417488.316302875056863, 302401.269494018517435, 739.0 ], [ 2417488.206351472996175, 302401.379722342011519, 739.0 ], [ 2417488.206502087879926, 302401.629209291713778, 739.0 ], [ 2417488.207829031161964, 302403.827237795107067, 739.0 ], [ 2417488.213020712137222, 302403.83327093248954, 739.0 ], [ 2417488.459799802862108, 302403.833475214720238, 739.0 ], [ 2417492.207198732998222, 302403.836579501803499, 739.0 ], [ 2417492.208397223148495, 302406.774798057915177, 739.0 ], [ 2417492.208496910985559, 302407.019194266409613, 739.0 ], [ 2417488.406078807078302, 302407.022377837216482, 739.0 ], [ 2417488.214274889789522, 302407.022538242221344, 739.0 ], [ 2417488.209760861936957, 302407.027237795293331, 739.0 ], [ 2417488.20717494096607, 302412.492416008783039, 739.0 ], [ 2417488.206893193069845, 302413.061143034894485, 739.0 ], [ 2417488.309958730824292, 302413.164317663002294, 739.0 ], [ 2417489.240535304881632, 302414.095893848920241, 739.0 ], [ 2417492.612662938889116, 302417.471995786414482, 739.0 ], [ 2417491.614573610946536, 302418.424631290719844, 739.0 ], [ 2417491.46432456606999, 302418.56767284090165, 739.0 ], [ 2417491.31138906115666, 302418.712268195988145, 739.0 ], [ 2417490.321210824884474, 302419.666817611607257, 739.0 ], [ 2417486.993652978911996, 302416.342776174598839, 739.0 ], [ 2417486.079416946042329, 302415.429387335898355, 739.0 ], [ 2417485.95848723500967, 302415.308569685788825, 739.0 ] ] } }
]
}
